path,line,lang,kind,status,component
02_FORMAL/coq/properties/_archive_deprecated/ApplicationComplete.v,133,coq,admit,inactive,UNMAPPED
02_FORMAL/coq/properties/_archive_deprecated/ApplicationComplete.v,134,coq,admit,inactive,UNMAPPED
02_FORMAL/coq/properties/_archive_deprecated/ApplicationComplete.v,180,coq,admit,inactive,UNMAPPED
02_FORMAL/coq/properties/_archive_deprecated/ApplicationComplete.v,184,coq,admit,inactive,UNMAPPED
02_FORMAL/coq/properties/_archive_deprecated/ApplicationComplete.v,284,coq,admit,inactive,UNMAPPED
02_FORMAL/coq/properties/_archive_deprecated/ApplicationComplete.v,294,coq,admit,inactive,UNMAPPED
02_FORMAL/coq/properties/_archive_deprecated/ApplicationComplete.v,306,coq,admit,inactive,UNMAPPED
02_FORMAL/coq/properties/_archive_deprecated/ApplicationComplete.v,307,coq,admit,inactive,UNMAPPED
02_FORMAL/coq/properties/_archive_deprecated/ApplicationComplete.v,468,coq,admit,inactive,UNMAPPED
02_FORMAL/coq/properties/_archive_deprecated/ApplicationComplete.v,473,coq,admit,inactive,UNMAPPED
02_FORMAL/coq/properties/_archive_deprecated/ApplicationComplete.v,478,coq,admit,inactive,UNMAPPED
02_FORMAL/coq/properties/_archive_deprecated/ApplicationComplete.v,479,coq,admit,inactive,UNMAPPED
02_FORMAL/coq/properties/_archive_deprecated/ApplicationComplete.v,534,coq,admit,inactive,UNMAPPED
02_FORMAL/coq/properties/_archive_deprecated/ApplicationComplete.v,540,coq,admit,inactive,UNMAPPED
02_FORMAL/coq/properties/_archive_deprecated/AxiomEliminationVerified.v,66,coq,admit,inactive,UNMAPPED
02_FORMAL/coq/properties/_archive_deprecated/AxiomEliminationVerified.v,87,coq,admit,inactive,UNMAPPED
02_FORMAL/coq/properties/_archive_deprecated/AxiomEliminationVerified.v,109,coq,admit,inactive,UNMAPPED
02_FORMAL/coq/properties/_archive_deprecated/AxiomEliminationVerified.v,129,coq,admit,inactive,UNMAPPED
02_FORMAL/coq/properties/_archive_deprecated/AxiomEliminationVerified.v,153,coq,admit,inactive,UNMAPPED
02_FORMAL/coq/properties/_archive_deprecated/AxiomEliminationVerified.v,176,coq,admit,inactive,UNMAPPED
02_FORMAL/coq/properties/_archive_deprecated/AxiomEliminationVerified.v,283,coq,admit,inactive,UNMAPPED
02_FORMAL/coq/properties/_archive_deprecated/AxiomEliminationVerified.v,362,coq,admit,inactive,UNMAPPED
02_FORMAL/coq/properties/_archive_deprecated/AxiomEliminationVerified.v,414,coq,admit,inactive,UNMAPPED
02_FORMAL/coq/properties/_archive_deprecated/AxiomEliminationVerified.v,431,coq,admit,inactive,UNMAPPED
02_FORMAL/coq/properties/_archive_deprecated/AxiomEliminationVerified.v,454,coq,admit,inactive,UNMAPPED
02_FORMAL/coq/properties/_archive_deprecated/AxiomEliminationVerified.v,469,coq,admit,inactive,UNMAPPED
02_FORMAL/coq/properties/_archive_deprecated/AxiomEliminationVerified.v,493,coq,admit,inactive,UNMAPPED
02_FORMAL/coq/properties/_archive_deprecated/AxiomEliminationVerified.v,509,coq,admit,inactive,UNMAPPED
02_FORMAL/coq/properties/_archive_deprecated/AxiomEliminationVerified.v,526,coq,admit,inactive,UNMAPPED
02_FORMAL/coq/properties/_archive_deprecated/FundamentalTheorem.v,424,coq,admit,inactive,UNMAPPED
02_FORMAL/coq/properties/_archive_deprecated/FundamentalTheorem.v,426,coq,admit,inactive,UNMAPPED
02_FORMAL/coq/properties/_archive_deprecated/FundamentalTheorem.v,465,coq,admit,inactive,UNMAPPED
02_FORMAL/coq/properties/_archive_deprecated/FundamentalTheorem.v,467,coq,admit,inactive,UNMAPPED
02_FORMAL/coq/properties/_archive_deprecated/FundamentalTheorem.v,497,coq,admit,inactive,UNMAPPED
02_FORMAL/coq/properties/_archive_deprecated/FundamentalTheorem.v,498,coq,admit,inactive,UNMAPPED
02_FORMAL/coq/properties/_archive_deprecated/FundamentalTheorem.v,523,coq,admit,inactive,UNMAPPED
02_FORMAL/coq/properties/_archive_deprecated/FundamentalTheorem.v,524,coq,admit,inactive,UNMAPPED
02_FORMAL/coq/properties/_archive_deprecated/FundamentalTheorem.v,542,coq,admit,inactive,UNMAPPED
02_FORMAL/coq/properties/_archive_deprecated/FundamentalTheorem.v,543,coq,admit,inactive,UNMAPPED
02_FORMAL/coq/properties/_archive_deprecated/FundamentalTheorem.v,559,coq,admit,inactive,UNMAPPED
02_FORMAL/coq/properties/_archive_deprecated/FundamentalTheorem.v,560,coq,admit,inactive,UNMAPPED
02_FORMAL/coq/properties/_archive_deprecated/FundamentalTheorem.v,584,coq,admit,inactive,UNMAPPED
02_FORMAL/coq/properties/_archive_deprecated/FundamentalTheorem.v,585,coq,admit,inactive,UNMAPPED
02_FORMAL/coq/properties/_archive_deprecated/FundamentalTheorem.v,589,coq,admit,inactive,UNMAPPED
02_FORMAL/coq/properties/_archive_deprecated/FundamentalTheorem.v,591,coq,admit,inactive,UNMAPPED
02_FORMAL/coq/properties/_archive_deprecated/FundamentalTheorem.v,603,coq,admit,inactive,UNMAPPED
02_FORMAL/coq/properties/_archive_deprecated/FundamentalTheorem.v,604,coq,admit,inactive,UNMAPPED
02_FORMAL/coq/properties/_archive_deprecated/FundamentalTheorem.v,632,coq,admit,inactive,UNMAPPED
02_FORMAL/coq/properties/_archive_deprecated/FundamentalTheorem.v,633,coq,admit,inactive,UNMAPPED
02_FORMAL/coq/properties/_archive_deprecated/FundamentalTheorem.v,664,coq,admit,inactive,UNMAPPED
02_FORMAL/coq/properties/_archive_deprecated/FundamentalTheorem.v,666,coq,admit,inactive,UNMAPPED
02_FORMAL/coq/properties/_archive_deprecated/FundamentalTheorem.v,667,coq,admit,inactive,UNMAPPED
02_FORMAL/coq/properties/_archive_deprecated/FundamentalTheorem.v,686,coq,admit,inactive,UNMAPPED
02_FORMAL/coq/properties/_archive_deprecated/FundamentalTheorem.v,687,coq,admit,inactive,UNMAPPED
02_FORMAL/coq/properties/_archive_deprecated/FundamentalTheorem.v,703,coq,admit,inactive,UNMAPPED
02_FORMAL/coq/properties/_archive_deprecated/FundamentalTheorem.v,704,coq,admit,inactive,UNMAPPED
02_FORMAL/coq/properties/_archive_deprecated/FundamentalTheorem.v,722,coq,admit,inactive,UNMAPPED
02_FORMAL/coq/properties/_archive_deprecated/FundamentalTheorem.v,723,coq,admit,inactive,UNMAPPED
02_FORMAL/coq/properties/_archive_deprecated/FundamentalTheorem.v,739,coq,admit,inactive,UNMAPPED
02_FORMAL/coq/properties/_archive_deprecated/FundamentalTheorem.v,740,coq,admit,inactive,UNMAPPED
02_FORMAL/coq/properties/_archive_deprecated/FundamentalTheorem.v,752,coq,admit,inactive,UNMAPPED
02_FORMAL/coq/properties/_archive_deprecated/FundamentalTheorem.v,753,coq,admit,inactive,UNMAPPED
02_FORMAL/coq/properties/_archive_deprecated/FundamentalTheorem.v,766,coq,admit,inactive,UNMAPPED
02_FORMAL/coq/properties/_archive_deprecated/FundamentalTheorem.v,767,coq,admit,inactive,UNMAPPED
02_FORMAL/coq/properties/_archive_deprecated/FundamentalTheorem.v,791,coq,admit,inactive,UNMAPPED
02_FORMAL/coq/properties/_archive_deprecated/FundamentalTheorem.v,792,coq,admit,inactive,UNMAPPED
02_FORMAL/coq/properties/_archive_deprecated/FundamentalTheorem.v,797,coq,admit,inactive,UNMAPPED
02_FORMAL/coq/properties/_archive_deprecated/FundamentalTheorem.v,799,coq,admit,inactive,UNMAPPED
02_FORMAL/coq/properties/_archive_deprecated/FundamentalTheorem.v,812,coq,admit,inactive,UNMAPPED
02_FORMAL/coq/properties/_archive_deprecated/FundamentalTheorem.v,813,coq,admit,inactive,UNMAPPED
02_FORMAL/coq/properties/_archive_deprecated/FundamentalTheorem.v,832,coq,admit,inactive,UNMAPPED
02_FORMAL/coq/properties/_archive_deprecated/FundamentalTheorem.v,833,coq,admit,inactive,UNMAPPED
02_FORMAL/coq/properties/_archive_deprecated/FundamentalTheorem.v,837,coq,admit,inactive,UNMAPPED
02_FORMAL/coq/properties/_archive_deprecated/FundamentalTheorem.v,839,coq,admit,inactive,UNMAPPED
02_FORMAL/coq/properties/_archive_deprecated/FundamentalTheorem.v,855,coq,admit,inactive,UNMAPPED
02_FORMAL/coq/properties/_archive_deprecated/FundamentalTheorem.v,856,coq,admit,inactive,UNMAPPED
02_FORMAL/coq/properties/_archive_deprecated/FundamentalTheorem.v,868,coq,admit,inactive,UNMAPPED
02_FORMAL/coq/properties/_archive_deprecated/FundamentalTheorem.v,869,coq,admit,inactive,UNMAPPED
02_FORMAL/coq/properties/_archive_deprecated/FundamentalTheorem.v,926,coq,admit,inactive,UNMAPPED
02_FORMAL/coq/properties/_archive_deprecated/FundamentalTheorem.v,1052,coq,admit,inactive,UNMAPPED
02_FORMAL/coq/properties/_archive_deprecated/FundamentalTheorem.v,1071,coq,admit,inactive,UNMAPPED
02_FORMAL/coq/properties/_archive_deprecated/FundamentalTheorem.v,1075,coq,admit,inactive,UNMAPPED
02_FORMAL/coq/properties/_archive_deprecated/FundamentalTheorem.v,1102,coq,admit,inactive,UNMAPPED
02_FORMAL/coq/properties/_archive_deprecated/FundamentalTheorem.v,1116,coq,admit,inactive,UNMAPPED
02_FORMAL/coq/properties/_archive_deprecated/KripkeMutual.v,143,coq,admit,inactive,07_DOMAIN_G_CRYPTO_AND_SIDECHANNEL
02_FORMAL/coq/properties/_archive_deprecated/KripkeMutual.v,144,coq,admit,inactive,07_DOMAIN_G_CRYPTO_AND_SIDECHANNEL
02_FORMAL/coq/properties/_archive_deprecated/KripkeMutual.v,167,coq,admit,inactive,07_DOMAIN_G_CRYPTO_AND_SIDECHANNEL
02_FORMAL/coq/properties/_archive_deprecated/KripkeMutual.v,168,coq,admit,inactive,07_DOMAIN_G_CRYPTO_AND_SIDECHANNEL
02_FORMAL/coq/properties/_archive_deprecated/KripkeMutual.v,189,coq,admit,inactive,07_DOMAIN_G_CRYPTO_AND_SIDECHANNEL
02_FORMAL/coq/properties/_archive_deprecated/KripkeMutual.v,190,coq,admit,inactive,07_DOMAIN_G_CRYPTO_AND_SIDECHANNEL
02_FORMAL/coq/properties/_archive_deprecated/KripkeMutual.v,229,coq,admit,inactive,07_DOMAIN_G_CRYPTO_AND_SIDECHANNEL
02_FORMAL/coq/properties/_archive_deprecated/KripkeMutual.v,230,coq,admit,inactive,07_DOMAIN_G_CRYPTO_AND_SIDECHANNEL
02_FORMAL/coq/properties/_archive_deprecated/LogicalRelationAssign_PROOF.v,208,coq,axiom,inactive,03_DOMAIN_C_INFORMATION_FLOW_CONTROL
02_FORMAL/coq/properties/_archive_deprecated/LogicalRelationAssign_PROOF.v,212,coq,axiom,inactive,03_DOMAIN_C_INFORMATION_FLOW_CONTROL
02_FORMAL/coq/properties/_archive_deprecated/LogicalRelationAssign_PROOF.v,348,coq,axiom,inactive,03_DOMAIN_C_INFORMATION_FLOW_CONTROL
02_FORMAL/coq/properties/_archive_deprecated/LogicalRelationAssign_PROOF.v,353,coq,axiom,inactive,03_DOMAIN_C_INFORMATION_FLOW_CONTROL
02_FORMAL/coq/properties/_archive_deprecated/LogicalRelationAssign_PROOF.v,359,coq,axiom,inactive,03_DOMAIN_C_INFORMATION_FLOW_CONTROL
02_FORMAL/coq/properties/_archive_deprecated/LogicalRelationAssign_PROOF.v,365,coq,axiom,inactive,03_DOMAIN_C_INFORMATION_FLOW_CONTROL
02_FORMAL/coq/properties/_archive_deprecated/LogicalRelationAssign_PROOF.v,378,coq,axiom,inactive,03_DOMAIN_C_INFORMATION_FLOW_CONTROL
02_FORMAL/coq/properties/_archive_deprecated/LogicalRelationAssign_PROOF.v,382,coq,axiom,inactive,03_DOMAIN_C_INFORMATION_FLOW_CONTROL
02_FORMAL/coq/properties/_archive_deprecated/LogicalRelationAssign_PROOF.v,386,coq,axiom,inactive,03_DOMAIN_C_INFORMATION_FLOW_CONTROL
02_FORMAL/coq/properties/_archive_deprecated/LogicalRelationAssign_PROOF.v,392,coq,axiom,inactive,03_DOMAIN_C_INFORMATION_FLOW_CONTROL
02_FORMAL/coq/properties/_archive_deprecated/LogicalRelationAssign_PROOF.v,397,coq,axiom,inactive,03_DOMAIN_C_INFORMATION_FLOW_CONTROL
02_FORMAL/coq/properties/_archive_deprecated/LogicalRelationAssign_PROOF.v,402,coq,axiom,inactive,03_DOMAIN_C_INFORMATION_FLOW_CONTROL
02_FORMAL/coq/properties/_archive_deprecated/LogicalRelationAssign_PROOF.v,408,coq,axiom,inactive,03_DOMAIN_C_INFORMATION_FLOW_CONTROL
02_FORMAL/coq/properties/_archive_deprecated/LogicalRelationAssign_PROOF.v,431,coq,axiom,inactive,03_DOMAIN_C_INFORMATION_FLOW_CONTROL
02_FORMAL/coq/properties/_archive_deprecated/LogicalRelationAssign_PROOF_FIXED.v,197,coq,axiom,inactive,03_DOMAIN_C_INFORMATION_FLOW_CONTROL
02_FORMAL/coq/properties/_archive_deprecated/LogicalRelationAssign_PROOF_FIXED.v,201,coq,axiom,inactive,03_DOMAIN_C_INFORMATION_FLOW_CONTROL
02_FORMAL/coq/properties/_archive_deprecated/LogicalRelationAssign_PROOF_FIXED.v,530,coq,axiom,inactive,03_DOMAIN_C_INFORMATION_FLOW_CONTROL
02_FORMAL/coq/properties/_archive_deprecated/LogicalRelationAssign_PROOF_FIXED.v,542,coq,axiom,inactive,03_DOMAIN_C_INFORMATION_FLOW_CONTROL
02_FORMAL/coq/properties/_archive_deprecated/LogicalRelationAssign_PROOF_FIXED.v,545,coq,axiom,inactive,03_DOMAIN_C_INFORMATION_FLOW_CONTROL
02_FORMAL/coq/properties/_archive_deprecated/LogicalRelationAssign_PROOF_FIXED.v,548,coq,axiom,inactive,03_DOMAIN_C_INFORMATION_FLOW_CONTROL
02_FORMAL/coq/properties/_archive_deprecated/LogicalRelationAssign_PROOF_FIXED.v,565,coq,axiom,inactive,03_DOMAIN_C_INFORMATION_FLOW_CONTROL
02_FORMAL/coq/properties/_archive_deprecated/LogicalRelationDeclassify_PROOF.v,142,coq,admit,inactive,03_DOMAIN_C_INFORMATION_FLOW_CONTROL
02_FORMAL/coq/properties/_archive_deprecated/LogicalRelationDeclassify_PROOF.v,154,coq,admit,inactive,03_DOMAIN_C_INFORMATION_FLOW_CONTROL
02_FORMAL/coq/properties/_archive_deprecated/LogicalRelationDeclassify_PROOF.v,163,coq,admit,inactive,03_DOMAIN_C_INFORMATION_FLOW_CONTROL
02_FORMAL/coq/properties/_archive_deprecated/LogicalRelationDeclassify_PROOF.v,221,coq,admit,inactive,03_DOMAIN_C_INFORMATION_FLOW_CONTROL
02_FORMAL/coq/properties/_archive_deprecated/LogicalRelationDeclassify_PROOF.v,222,coq,admit,inactive,03_DOMAIN_C_INFORMATION_FLOW_CONTROL
02_FORMAL/coq/properties/_archive_deprecated/LogicalRelationDeclassify_PROOF.v,402,coq,axiom,inactive,03_DOMAIN_C_INFORMATION_FLOW_CONTROL
02_FORMAL/coq/properties/_archive_deprecated/LogicalRelationDeclassify_PROOF.v,409,coq,axiom,inactive,03_DOMAIN_C_INFORMATION_FLOW_CONTROL
02_FORMAL/coq/properties/_archive_deprecated/LogicalRelationDeclassify_PROOF.v,418,coq,axiom,inactive,03_DOMAIN_C_INFORMATION_FLOW_CONTROL
02_FORMAL/coq/properties/_archive_deprecated/LogicalRelationDeclassify_PROOF.v,423,coq,axiom,inactive,03_DOMAIN_C_INFORMATION_FLOW_CONTROL
02_FORMAL/coq/properties/_archive_deprecated/LogicalRelationDeclassify_PROOF.v,429,coq,axiom,inactive,03_DOMAIN_C_INFORMATION_FLOW_CONTROL
02_FORMAL/coq/properties/_archive_deprecated/LogicalRelationDeclassify_PROOF.v,435,coq,axiom,inactive,03_DOMAIN_C_INFORMATION_FLOW_CONTROL
02_FORMAL/coq/properties/_archive_deprecated/LogicalRelationDeclassify_PROOF.v,442,coq,axiom,inactive,03_DOMAIN_C_INFORMATION_FLOW_CONTROL
02_FORMAL/coq/properties/_archive_deprecated/LogicalRelationDeclassify_PROOF.v,449,coq,axiom,inactive,03_DOMAIN_C_INFORMATION_FLOW_CONTROL
02_FORMAL/coq/properties/_archive_deprecated/LogicalRelationDeclassify_PROOF.v,455,coq,axiom,inactive,03_DOMAIN_C_INFORMATION_FLOW_CONTROL
02_FORMAL/coq/properties/_archive_deprecated/LogicalRelationDeclassify_PROOF.v,461,coq,axiom,inactive,03_DOMAIN_C_INFORMATION_FLOW_CONTROL
02_FORMAL/coq/properties/_archive_deprecated/LogicalRelationDeclassify_PROOF_REFINED.v,115,coq,axiom,inactive,03_DOMAIN_C_INFORMATION_FLOW_CONTROL
02_FORMAL/coq/properties/_archive_deprecated/LogicalRelationDeclassify_PROOF_REFINED.v,119,coq,axiom,inactive,03_DOMAIN_C_INFORMATION_FLOW_CONTROL
02_FORMAL/coq/properties/_archive_deprecated/LogicalRelationDeclassify_PROOF_REFINED.v,127,coq,axiom,inactive,03_DOMAIN_C_INFORMATION_FLOW_CONTROL
02_FORMAL/coq/properties/_archive_deprecated/LogicalRelationDeclassify_PROOF_REFINED.v,139,coq,axiom,inactive,03_DOMAIN_C_INFORMATION_FLOW_CONTROL
02_FORMAL/coq/properties/_archive_deprecated/LogicalRelationDeclassify_PROOF_REFINED.v,156,coq,axiom,inactive,03_DOMAIN_C_INFORMATION_FLOW_CONTROL
02_FORMAL/coq/properties/_archive_deprecated/LogicalRelationDeclassify_PROOF_REFINED.v,162,coq,axiom,inactive,03_DOMAIN_C_INFORMATION_FLOW_CONTROL
02_FORMAL/coq/properties/_archive_deprecated/LogicalRelationDeclassify_PROOF_REFINED.v,166,coq,axiom,inactive,03_DOMAIN_C_INFORMATION_FLOW_CONTROL
02_FORMAL/coq/properties/_archive_deprecated/LogicalRelationDeclassify_PROOF_REFINED.v,172,coq,axiom,inactive,03_DOMAIN_C_INFORMATION_FLOW_CONTROL
02_FORMAL/coq/properties/_archive_deprecated/LogicalRelationDeclassify_PROOF_REFINED.v,269,coq,admit,inactive,03_DOMAIN_C_INFORMATION_FLOW_CONTROL
02_FORMAL/coq/properties/_archive_deprecated/LogicalRelationDeclassify_PROOF_REFINED.v,271,coq,admit,inactive,03_DOMAIN_C_INFORMATION_FLOW_CONTROL
02_FORMAL/coq/properties/_archive_deprecated/LogicalRelationDeclassify_PROOF_REFINED.v,275,coq,admit,inactive,03_DOMAIN_C_INFORMATION_FLOW_CONTROL
02_FORMAL/coq/properties/_archive_deprecated/LogicalRelationDeclassify_PROOF_REFINED.v,276,coq,admit,inactive,03_DOMAIN_C_INFORMATION_FLOW_CONTROL
02_FORMAL/coq/properties/_archive_deprecated/LogicalRelationDeclassify_PROOF_REFINED.v,332,coq,admit,inactive,03_DOMAIN_C_INFORMATION_FLOW_CONTROL
02_FORMAL/coq/properties/_archive_deprecated/LogicalRelationDeclassify_PROOF_REFINED.v,335,coq,admit,inactive,03_DOMAIN_C_INFORMATION_FLOW_CONTROL
02_FORMAL/coq/properties/_archive_deprecated/LogicalRelationDeclassify_PROOF_REFINED.v,348,coq,admit,inactive,03_DOMAIN_C_INFORMATION_FLOW_CONTROL
02_FORMAL/coq/properties/_archive_deprecated/LogicalRelationDeclassify_PROOF_REFINED.v,349,coq,admit,inactive,03_DOMAIN_C_INFORMATION_FLOW_CONTROL
02_FORMAL/coq/properties/_archive_deprecated/LogicalRelationDeclassify_v2.v,178,coq,axiom,inactive,03_DOMAIN_C_INFORMATION_FLOW_CONTROL
02_FORMAL/coq/properties/_archive_deprecated/LogicalRelationDeclassify_v2.v,232,coq,admit,inactive,03_DOMAIN_C_INFORMATION_FLOW_CONTROL
02_FORMAL/coq/properties/_archive_deprecated/LogicalRelationDeclassify_v2.v,233,coq,admit,inactive,03_DOMAIN_C_INFORMATION_FLOW_CONTROL
02_FORMAL/coq/properties/_archive_deprecated/LogicalRelationDeclassify_v2.v,253,coq,admit,inactive,03_DOMAIN_C_INFORMATION_FLOW_CONTROL
02_FORMAL/coq/properties/_archive_deprecated/LogicalRelationDeclassify_v2.v,254,coq,admit,inactive,03_DOMAIN_C_INFORMATION_FLOW_CONTROL
02_FORMAL/coq/properties/_archive_deprecated/LogicalRelationDeref_PROOF_FINAL.v,123,coq,axiom,inactive,03_DOMAIN_C_INFORMATION_FLOW_CONTROL
02_FORMAL/coq/properties/_archive_deprecated/LogicalRelationDeref_PROOF_FINAL.v,323,coq,axiom,inactive,03_DOMAIN_C_INFORMATION_FLOW_CONTROL
02_FORMAL/coq/properties/_archive_deprecated/LogicalRelationDeref_PROOF_FINAL.v,326,coq,axiom,inactive,03_DOMAIN_C_INFORMATION_FLOW_CONTROL
02_FORMAL/coq/properties/_archive_deprecated/LogicalRelationDeref_PROOF_FINAL.v,332,coq,axiom,inactive,03_DOMAIN_C_INFORMATION_FLOW_CONTROL
02_FORMAL/coq/properties/_archive_deprecated/LogicalRelationDeref_PROOF_FINAL.v,340,coq,axiom,inactive,03_DOMAIN_C_INFORMATION_FLOW_CONTROL
02_FORMAL/coq/properties/_archive_deprecated/LogicalRelationDeref_PROOF_FINAL.v,347,coq,axiom,inactive,03_DOMAIN_C_INFORMATION_FLOW_CONTROL
02_FORMAL/coq/properties/_archive_deprecated/LogicalRelationDeref_PROOF_FINAL.v,360,coq,axiom,inactive,03_DOMAIN_C_INFORMATION_FLOW_CONTROL
02_FORMAL/coq/properties/_archive_deprecated/LogicalRelationRef_PROOF.v,132,coq,axiom,inactive,03_DOMAIN_C_INFORMATION_FLOW_CONTROL
02_FORMAL/coq/properties/_archive_deprecated/LogicalRelationRef_PROOF.v,439,coq,admit,inactive,03_DOMAIN_C_INFORMATION_FLOW_CONTROL
02_FORMAL/coq/properties/_archive_deprecated/LogicalRelationRef_PROOF.v,440,coq,admit,inactive,03_DOMAIN_C_INFORMATION_FLOW_CONTROL
02_FORMAL/coq/properties/_archive_deprecated/MasterTheorem.v,111,coq,admit,inactive,UNMAPPED
02_FORMAL/coq/properties/_archive_deprecated/MasterTheorem.v,112,coq,admit,inactive,UNMAPPED
02_FORMAL/coq/properties/_archive_deprecated/MasterTheorem.v,139,coq,admit,inactive,UNMAPPED
02_FORMAL/coq/properties/_archive_deprecated/MasterTheorem.v,146,coq,admit,inactive,UNMAPPED
02_FORMAL/coq/properties/_archive_deprecated/MasterTheorem.v,788,coq,admit,inactive,UNMAPPED
02_FORMAL/coq/properties/_archive_deprecated/MasterTheorem.v,845,coq,admit,inactive,UNMAPPED
02_FORMAL/coq/properties/_archive_deprecated/MasterTheorem.v,991,coq,admit,inactive,UNMAPPED
02_FORMAL/coq/properties/_archive_deprecated/MasterTheorem.v,992,coq,admit,inactive,UNMAPPED
02_FORMAL/coq/properties/_archive_deprecated/MasterTheorem.v,993,coq,admit,inactive,UNMAPPED
02_FORMAL/coq/properties/_archive_deprecated/MasterTheorem.v,994,coq,admit,inactive,UNMAPPED
02_FORMAL/coq/properties/_archive_deprecated/MasterTheorem.v,995,coq,admit,inactive,UNMAPPED
02_FORMAL/coq/properties/_archive_deprecated/MasterTheorem.v,996,coq,admit,inactive,UNMAPPED
02_FORMAL/coq/properties/_archive_deprecated/MasterTheorem.v,997,coq,admit,inactive,UNMAPPED
02_FORMAL/coq/properties/_archive_deprecated/MasterTheorem.v,998,coq,admit,inactive,UNMAPPED
02_FORMAL/coq/properties/_archive_deprecated/MasterTheorem.v,999,coq,admit,inactive,UNMAPPED
02_FORMAL/coq/properties/_archive_deprecated/MasterTheorem.v,1000,coq,admit,inactive,UNMAPPED
02_FORMAL/coq/properties/_archive_deprecated/MasterTheorem.v,1116,coq,admit,inactive,UNMAPPED
02_FORMAL/coq/properties/_archive_deprecated/MasterTheorem.v,1117,coq,admit,inactive,UNMAPPED
02_FORMAL/coq/properties/_archive_deprecated/MasterTheorem.v,1268,coq,admit,inactive,UNMAPPED
02_FORMAL/coq/properties/_archive_deprecated/MasterTheorem.v,1269,coq,admit,inactive,UNMAPPED
02_FORMAL/coq/properties/_archive_deprecated/MasterTheorem.v,2132,coq,admit,inactive,UNMAPPED
02_FORMAL/coq/properties/_archive_deprecated/MultiStepInversion.v,568,coq,axiom,inactive,UNMAPPED
02_FORMAL/coq/properties/_archive_deprecated/NonInterferenceKripke.v,265,coq,admit,inactive,03_DOMAIN_C_INFORMATION_FLOW_CONTROL
02_FORMAL/coq/properties/_archive_deprecated/NonInterferenceKripke.v,266,coq,admit,inactive,03_DOMAIN_C_INFORMATION_FLOW_CONTROL
02_FORMAL/coq/properties/_archive_deprecated/NonInterferenceKripke.v,319,coq,admit,inactive,03_DOMAIN_C_INFORMATION_FLOW_CONTROL
02_FORMAL/coq/properties/_archive_deprecated/NonInterferenceKripke.v,342,coq,admit,inactive,03_DOMAIN_C_INFORMATION_FLOW_CONTROL
02_FORMAL/coq/properties/_archive_deprecated/NonInterferenceKripke.v,343,coq,admit,inactive,03_DOMAIN_C_INFORMATION_FLOW_CONTROL
02_FORMAL/coq/properties/_archive_deprecated/NonInterferenceKripke.v,367,coq,admit,inactive,03_DOMAIN_C_INFORMATION_FLOW_CONTROL
02_FORMAL/coq/properties/_archive_deprecated/NonInterferenceKripke.v,368,coq,admit,inactive,03_DOMAIN_C_INFORMATION_FLOW_CONTROL
02_FORMAL/coq/properties/_archive_deprecated/NonInterferenceLegacy.v,921,coq,admit,inactive,03_DOMAIN_C_INFORMATION_FLOW_CONTROL
02_FORMAL/coq/properties/_archive_deprecated/NonInterferenceLegacy.v,922,coq,admit,inactive,03_DOMAIN_C_INFORMATION_FLOW_CONTROL
02_FORMAL/coq/properties/_archive_deprecated/NonInterferenceLegacy.v,1033,coq,admit,inactive,03_DOMAIN_C_INFORMATION_FLOW_CONTROL
02_FORMAL/coq/properties/_archive_deprecated/NonInterferenceLegacy.v,1038,coq,admit,inactive,03_DOMAIN_C_INFORMATION_FLOW_CONTROL
02_FORMAL/coq/properties/_archive_deprecated/NonInterferenceLegacy.v,1041,coq,admit,inactive,03_DOMAIN_C_INFORMATION_FLOW_CONTROL
02_FORMAL/coq/properties/_archive_deprecated/NonInterferenceLegacy.v,1281,coq,axiom,inactive,03_DOMAIN_C_INFORMATION_FLOW_CONTROL
02_FORMAL/coq/properties/_archive_deprecated/NonInterferenceLegacy.v,1306,coq,axiom,inactive,03_DOMAIN_C_INFORMATION_FLOW_CONTROL
02_FORMAL/coq/properties/_archive_deprecated/NonInterferenceLegacy.v,1318,coq,axiom,inactive,03_DOMAIN_C_INFORMATION_FLOW_CONTROL
02_FORMAL/coq/properties/_archive_deprecated/NonInterferenceLegacy.v,1330,coq,axiom,inactive,03_DOMAIN_C_INFORMATION_FLOW_CONTROL
02_FORMAL/coq/properties/_archive_deprecated/NonInterferenceLegacy.v,1342,coq,axiom,inactive,03_DOMAIN_C_INFORMATION_FLOW_CONTROL
02_FORMAL/coq/properties/_archive_deprecated/NonInterferenceLegacy.v,1354,coq,axiom,inactive,03_DOMAIN_C_INFORMATION_FLOW_CONTROL
02_FORMAL/coq/properties/_archive_deprecated/NonInterferenceLegacy.v,1366,coq,axiom,inactive,03_DOMAIN_C_INFORMATION_FLOW_CONTROL
02_FORMAL/coq/properties/_archive_deprecated/NonInterferenceLegacy.v,1378,coq,axiom,inactive,03_DOMAIN_C_INFORMATION_FLOW_CONTROL
02_FORMAL/coq/properties/_archive_deprecated/NonInterferenceLegacy.v,1398,coq,axiom,inactive,03_DOMAIN_C_INFORMATION_FLOW_CONTROL
02_FORMAL/coq/properties/_archive_deprecated/NonInterferenceLegacy.v,1561,coq,axiom,inactive,03_DOMAIN_C_INFORMATION_FLOW_CONTROL
02_FORMAL/coq/properties/_archive_deprecated/NonInterferenceLegacy.v,1567,coq,axiom,inactive,03_DOMAIN_C_INFORMATION_FLOW_CONTROL
02_FORMAL/coq/properties/_archive_deprecated/NonInterferenceLegacy.v,1577,coq,axiom,inactive,03_DOMAIN_C_INFORMATION_FLOW_CONTROL
02_FORMAL/coq/properties/_archive_deprecated/NonInterferenceLegacy.v,1586,coq,axiom,inactive,03_DOMAIN_C_INFORMATION_FLOW_CONTROL
02_FORMAL/coq/properties/_archive_deprecated/NonInterferenceLegacy.v,2118,coq,axiom,inactive,03_DOMAIN_C_INFORMATION_FLOW_CONTROL
02_FORMAL/coq/properties/_archive_deprecated/NonInterferenceLegacy.v,2128,coq,axiom,inactive,03_DOMAIN_C_INFORMATION_FLOW_CONTROL
02_FORMAL/coq/properties/_archive_deprecated/NonInterferenceLegacy.v,2138,coq,axiom,inactive,03_DOMAIN_C_INFORMATION_FLOW_CONTROL
02_FORMAL/coq/properties/_archive_deprecated/NonInterferenceLegacy.v,2151,coq,axiom,inactive,03_DOMAIN_C_INFORMATION_FLOW_CONTROL
02_FORMAL/coq/properties/_archive_deprecated/NonInterferenceLegacy.v,3828,coq,admit,inactive,03_DOMAIN_C_INFORMATION_FLOW_CONTROL
02_FORMAL/coq/properties/_archive_deprecated/NonInterferenceLegacy.v,3829,coq,admit,inactive,03_DOMAIN_C_INFORMATION_FLOW_CONTROL
02_FORMAL/coq/properties/_archive_deprecated/NonInterferenceLegacy.v,4883,coq,admit,inactive,03_DOMAIN_C_INFORMATION_FLOW_CONTROL
02_FORMAL/coq/properties/_archive_deprecated/NonInterferenceZero.v,187,coq,admit,inactive,03_DOMAIN_C_INFORMATION_FLOW_CONTROL
02_FORMAL/coq/properties/_archive_deprecated/NonInterferenceZero.v,222,coq,admit,inactive,03_DOMAIN_C_INFORMATION_FLOW_CONTROL
02_FORMAL/coq/properties/_archive_deprecated/NonInterferenceZero.v,260,coq,admit,inactive,03_DOMAIN_C_INFORMATION_FLOW_CONTROL
02_FORMAL/coq/properties/_archive_deprecated/NonInterferenceZero.v,261,coq,admit,inactive,03_DOMAIN_C_INFORMATION_FLOW_CONTROL
02_FORMAL/coq/properties/_archive_deprecated/NonInterferenceZero.v,283,coq,admit,inactive,03_DOMAIN_C_INFORMATION_FLOW_CONTROL
02_FORMAL/coq/properties/_archive_deprecated/NonInterferenceZero.v,286,coq,admit,inactive,03_DOMAIN_C_INFORMATION_FLOW_CONTROL
02_FORMAL/coq/properties/_archive_deprecated/NonInterferenceZero.v,420,coq,admit,inactive,03_DOMAIN_C_INFORMATION_FLOW_CONTROL
02_FORMAL/coq/properties/_archive_deprecated/NonInterferenceZero.v,455,coq,admit,inactive,03_DOMAIN_C_INFORMATION_FLOW_CONTROL
02_FORMAL/coq/properties/_archive_deprecated/NonInterferenceZero.v,470,coq,admit,inactive,03_DOMAIN_C_INFORMATION_FLOW_CONTROL
02_FORMAL/coq/properties/_archive_deprecated/NonInterferenceZero.v,471,coq,admit,inactive,03_DOMAIN_C_INFORMATION_FLOW_CONTROL
02_FORMAL/coq/properties/_archive_deprecated/NonInterference_v2_DEFINITIVE_PATCH.v,375,coq,admit,inactive,03_DOMAIN_C_INFORMATION_FLOW_CONTROL
02_FORMAL/coq/properties/_archive_deprecated/NonInterference_v2_DEFINITIVE_PATCH.v,376,coq,admit,inactive,03_DOMAIN_C_INFORMATION_FLOW_CONTROL
02_FORMAL/coq/properties/_archive_deprecated/NonInterference_v2_DEFINITIVE_PATCH.v,387,coq,admit,inactive,03_DOMAIN_C_INFORMATION_FLOW_CONTROL
02_FORMAL/coq/properties/_archive_deprecated/NonInterference_v2_DEFINITIVE_PATCH.v,388,coq,admit,inactive,03_DOMAIN_C_INFORMATION_FLOW_CONTROL
02_FORMAL/coq/properties/_archive_deprecated/NonInterference_v2_DEFINITIVE_PATCH.v,397,coq,admit,inactive,03_DOMAIN_C_INFORMATION_FLOW_CONTROL
02_FORMAL/coq/properties/_archive_deprecated/NonInterference_v2_DEFINITIVE_PATCH.v,398,coq,admit,inactive,03_DOMAIN_C_INFORMATION_FLOW_CONTROL
02_FORMAL/coq/properties/_archive_deprecated/NonInterference_v2_DEFINITIVE_PATCH.v,413,coq,admit,inactive,03_DOMAIN_C_INFORMATION_FLOW_CONTROL
02_FORMAL/coq/properties/_archive_deprecated/NonInterference_v2_DEFINITIVE_PATCH.v,414,coq,admit,inactive,03_DOMAIN_C_INFORMATION_FLOW_CONTROL
02_FORMAL/coq/properties/_archive_deprecated/NonInterference_v2_DEFINITIVE_PATCH.v,423,coq,admit,inactive,03_DOMAIN_C_INFORMATION_FLOW_CONTROL
02_FORMAL/coq/properties/_archive_deprecated/NonInterference_v2_DEFINITIVE_PATCH.v,424,coq,admit,inactive,03_DOMAIN_C_INFORMATION_FLOW_CONTROL
02_FORMAL/coq/properties/_archive_deprecated/NonInterference_v2_DEFINITIVE_PATCH.v,433,coq,admit,inactive,03_DOMAIN_C_INFORMATION_FLOW_CONTROL
02_FORMAL/coq/properties/_archive_deprecated/NonInterference_v2_DEFINITIVE_PATCH.v,434,coq,admit,inactive,03_DOMAIN_C_INFORMATION_FLOW_CONTROL
02_FORMAL/coq/properties/_archive_deprecated/Phase3_Infrastructure_Helpers_FINAL.v,45,coq,axiom,inactive,UNMAPPED
02_FORMAL/coq/properties/_archive_deprecated/Phase3_Infrastructure_Helpers_FINAL.v,77,coq,axiom,inactive,UNMAPPED
02_FORMAL/coq/properties/_archive_deprecated/Phase3_Infrastructure_Helpers_FINAL.v,153,coq,axiom,inactive,UNMAPPED
02_FORMAL/coq/properties/_archive_deprecated/Phase3_Infrastructure_Helpers_FINAL.v,174,coq,axiom,inactive,UNMAPPED
02_FORMAL/coq/properties/_archive_deprecated/ReducibilityFull_FINAL.v,658,coq,admit,inactive,UNMAPPED
02_FORMAL/coq/properties/_archive_deprecated/ReducibilityFull_FINAL.v,659,coq,admit,inactive,UNMAPPED
02_FORMAL/coq/properties/_archive_deprecated/ReducibilityFull_FINAL.v,689,coq,axiom,inactive,UNMAPPED
02_FORMAL/coq/properties/_archive_deprecated/ReducibilityFull_FINAL.v,1028,coq,admit,inactive,UNMAPPED
02_FORMAL/coq/properties/_archive_deprecated/ReducibilityFull_FINAL.v,1170,coq,admit,inactive,UNMAPPED
02_FORMAL/coq/properties/_archive_deprecated/RelationBridge.v,105,coq,admit,inactive,UNMAPPED
02_FORMAL/coq/properties/_archive_deprecated/RelationBridge.v,106,coq,admit,inactive,UNMAPPED
02_FORMAL/coq/properties/_archive_deprecated/RelationBridge.v,115,coq,admit,inactive,UNMAPPED
02_FORMAL/coq/properties/_archive_deprecated/RelationBridge.v,116,coq,admit,inactive,UNMAPPED
02_FORMAL/coq/properties/_archive_deprecated/RelationBridge.v,149,coq,admit,inactive,UNMAPPED
02_FORMAL/coq/properties/_archive_deprecated/RelationBridge.v,150,coq,admit,inactive,UNMAPPED
02_FORMAL/coq/properties/_archive_deprecated/RelationBridge.v,162,coq,admit,inactive,UNMAPPED
02_FORMAL/coq/properties/_archive_deprecated/RelationBridge.v,163,coq,admit,inactive,UNMAPPED
02_FORMAL/coq/properties/_archive_deprecated/RelationBridge.v,173,coq,admit,inactive,UNMAPPED
02_FORMAL/coq/properties/_archive_deprecated/RelationBridge.v,174,coq,admit,inactive,UNMAPPED
02_FORMAL/coq/properties/_archive_deprecated/StepUpFromSN.v,270,coq,admit,inactive,UNMAPPED
02_FORMAL/coq/properties/_archive_deprecated/StepUpFromSN.v,271,coq,admit,inactive,UNMAPPED
02_FORMAL/coq/properties/_archive_deprecated/StepUpFromSN.v,301,coq,admit,inactive,UNMAPPED
02_FORMAL/coq/properties/_archive_deprecated/StepUpFromSN.v,309,coq,admit,inactive,UNMAPPED
02_FORMAL/coq/properties/_archive_deprecated/StepUpFromSN.v,324,coq,admit,inactive,UNMAPPED
02_FORMAL/coq/properties/_archive_deprecated/StepUpFromSN.v,325,coq,admit,inactive,UNMAPPED
02_FORMAL/coq/properties/_archive_deprecated/StepUpFromSN.v,388,coq,admit,inactive,UNMAPPED
02_FORMAL/coq/properties/_archive_deprecated/StepUpFromSN.v,396,coq,admit,inactive,UNMAPPED
02_FORMAL/coq/properties/_archive_deprecated/StrongNormalization_v2.v,647,coq,admit,inactive,UNMAPPED
02_FORMAL/coq/properties/_archive_deprecated/StrongNormalization_v2.v,653,coq,admit,inactive,UNMAPPED
02_FORMAL/coq/properties/_archive_deprecated/StrongNormalization_v2.v,667,coq,admit,inactive,UNMAPPED
02_FORMAL/coq/properties/_archive_deprecated/StrongNormalization_v2.v,675,coq,admit,inactive,UNMAPPED
02_FORMAL/coq/properties/_archive_deprecated/StrongNormalization_v2.v,678,coq,admit,inactive,UNMAPPED
02_FORMAL/coq/properties/_archive_deprecated/StrongNormalization_v2.v,679,coq,admit,inactive,UNMAPPED
02_FORMAL/coq/properties/_archive_deprecated/StrongNormalization_v2.v,680,coq,admit,inactive,UNMAPPED
02_FORMAL/coq/properties/_archive_deprecated/StrongNormalization_v2.v,681,coq,admit,inactive,UNMAPPED
02_FORMAL/coq/properties/_archive_deprecated/StrongNormalization_v2.v,682,coq,admit,inactive,UNMAPPED
02_FORMAL/coq/properties/_archive_deprecated/StrongNormalization_v2.v,683,coq,admit,inactive,UNMAPPED
02_FORMAL/coq/properties/_archive_deprecated/StrongNormalization_v2.v,684,coq,admit,inactive,UNMAPPED
02_FORMAL/coq/properties/_archive_deprecated/StrongNormalization_v2.v,685,coq,admit,inactive,UNMAPPED
02_FORMAL/coq/properties/_archive_deprecated/StrongNormalization_v2.v,686,coq,admit,inactive,UNMAPPED
02_FORMAL/coq/properties/_archive_deprecated/StrongNormalization_v2.v,687,coq,admit,inactive,UNMAPPED
02_FORMAL/coq/properties/_archive_deprecated/StrongNormalization_v2.v,688,coq,admit,inactive,UNMAPPED
02_FORMAL/coq/properties/_archive_deprecated/StrongNormalization_v2.v,689,coq,admit,inactive,UNMAPPED
02_FORMAL/coq/properties/_archive_deprecated/StrongNormalization_v2.v,690,coq,admit,inactive,UNMAPPED
02_FORMAL/coq/properties/_archive_deprecated/StrongNormalization_v2.v,691,coq,admit,inactive,UNMAPPED
02_FORMAL/coq/properties/_archive_deprecated/StrongNormalization_v2.v,692,coq,admit,inactive,UNMAPPED
02_FORMAL/coq/properties/_archive_deprecated/StrongNormalization_v2.v,693,coq,admit,inactive,UNMAPPED
02_FORMAL/coq/properties/_archive_deprecated/StrongNormalization_v2.v,694,coq,admit,inactive,UNMAPPED
02_FORMAL/coq/properties/_archive_deprecated/StrongNormalization_v2.v,695,coq,admit,inactive,UNMAPPED
02_FORMAL/coq/properties/_archive_deprecated/StrongNormalization_v2.v,729,coq,admit,inactive,UNMAPPED
02_FORMAL/coq/properties/_archive_deprecated/StrongNormalization_v2.v,732,coq,admit,inactive,UNMAPPED
02_FORMAL/coq/properties/_archive_deprecated/StrongNormalization_v2.v,734,coq,admit,inactive,UNMAPPED
02_FORMAL/coq/properties/_archive_deprecated/StrongNormalization_v2.v,736,coq,admit,inactive,UNMAPPED
02_FORMAL/coq/properties/_archive_deprecated/StrongNormalization_v2.v,741,coq,admit,inactive,UNMAPPED
02_FORMAL/coq/properties/_archive_deprecated/StrongNormalization_v2.v,745,coq,admit,inactive,UNMAPPED
02_FORMAL/coq/properties/_archive_deprecated/StrongNormalization_v2.v,749,coq,admit,inactive,UNMAPPED
02_FORMAL/coq/properties/_archive_deprecated/StrongNormalization_v2.v,750,coq,admit,inactive,UNMAPPED
02_FORMAL/coq/properties/_archive_deprecated/StrongNormalization_v2.v,799,coq,admit,inactive,UNMAPPED
02_FORMAL/coq/properties/_archive_deprecated/StrongNormalization_v2.v,807,coq,admit,inactive,UNMAPPED
02_FORMAL/coq/properties/_archive_deprecated/StrongNormalization_v2.v,808,coq,admit,inactive,UNMAPPED
02_FORMAL/coq/properties/_archive_deprecated/TypedConversion.v,309,coq,admit,inactive,01_DOMAIN_A_TYPE_THEORY
02_FORMAL/coq/properties/_archive_deprecated/TypedConversion.v,310,coq,admit,inactive,01_DOMAIN_A_TYPE_THEORY
02_FORMAL/coq/properties/_archive_deprecated/TypedConversion.v,384,coq,admit,inactive,01_DOMAIN_A_TYPE_THEORY
02_FORMAL/coq/properties/_archive_deprecated/TypedConversion.v,385,coq,admit,inactive,01_DOMAIN_A_TYPE_THEORY
02_FORMAL/coq/properties/_archive_deprecated/TypedConversion.v,394,coq,admit,inactive,01_DOMAIN_A_TYPE_THEORY
02_FORMAL/coq/properties/_archive_deprecated/TypedConversion.v,395,coq,admit,inactive,01_DOMAIN_A_TYPE_THEORY
02_FORMAL/coq/properties/_archive_deprecated/TypedConversion.v,437,coq,admit,inactive,01_DOMAIN_A_TYPE_THEORY
02_FORMAL/coq/properties/_archive_deprecated/TypedConversion.v,438,coq,admit,inactive,01_DOMAIN_A_TYPE_THEORY
02_FORMAL/coq/properties/_archive_deprecated/TypedConversion.v,540,coq,admit,inactive,01_DOMAIN_A_TYPE_THEORY
02_FORMAL/coq/properties/_archive_deprecated/store_rel_weaken_dropin.v,102,coq,admit,inactive,UNMAPPED
02_FORMAL/coq/properties/_archive_deprecated/store_rel_weaken_dropin.v,116,coq,admit,inactive,UNMAPPED
02_FORMAL/coq/properties/_archive_deprecated/store_rel_weaken_dropin.v,118,coq,admit,inactive,UNMAPPED
02_FORMAL/coq/properties/_archive_deprecated/store_rel_weaken_proof.v,72,coq,axiom,inactive,UNMAPPED
02_FORMAL/coq/properties/_archive_deprecated/store_rel_weaken_proof.v,99,coq,axiom,inactive,UNMAPPED
02_FORMAL/lean/RIINA/Compliance/DO178CCompliance.lean,280,lean,sorry,active,55_DOMAIN_AJ_VERIFIED_COMPLIANCE
02_FORMAL/lean/RIINA/Compliance/DO178CCompliance.lean,407,lean,sorry,active,55_DOMAIN_AJ_VERIFIED_COMPLIANCE
02_FORMAL/lean/RIINA/Compliance/HIPAACompliance.lean,171,lean,sorry,active,55_DOMAIN_AJ_VERIFIED_COMPLIANCE
02_FORMAL/lean/RIINA/Compliance/HIPAACompliance.lean,198,lean,sorry,active,55_DOMAIN_AJ_VERIFIED_COMPLIANCE
02_FORMAL/lean/RIINA/Compliance/PCIDSSCompliance.lean,239,lean,sorry,active,55_DOMAIN_AJ_VERIFIED_COMPLIANCE
02_FORMAL/lean/RIINA/Domains/AlgebraicEffects.lean,116,lean,sorry,active,02_DOMAIN_B_EFFECT_SYSTEMS
02_FORMAL/lean/RIINA/Domains/AuthenticationSecurity.lean,196,lean,sorry,active,46_DOMAIN_AA_VERIFIED_IDENTITY
02_FORMAL/lean/RIINA/Domains/BackendComposition.lean,68,lean,sorry,active,17_DOMAIN_Q_COMPILER_ARCHITECTURE
02_FORMAL/lean/RIINA/Domains/CSRFProtection.lean,96,lean,sorry,active,35_DOMAIN_KAPPA_FULLSTACK
02_FORMAL/lean/RIINA/Domains/CapabilitySecurity.lean,323,lean,sorry,active,04_DOMAIN_D_HARDWARE_AND_CAPABILITY_SECURITY
02_FORMAL/lean/RIINA/Domains/CapitalMarkets.lean,118,lean,sorry,active,39_DOMAIN_RIINA_CAPITAL_MARKETS
02_FORMAL/lean/RIINA/Domains/CommonCriteriaEAL7.lean,310,lean,sorry,active,55_DOMAIN_AJ_VERIFIED_COMPLIANCE
02_FORMAL/lean/RIINA/Domains/CovertChannels.lean,180,lean,sorry,active,35_DOMAIN_KAPPA_FULLSTACK
02_FORMAL/lean/RIINA/Domains/CovertChannels.lean,183,lean,sorry,active,35_DOMAIN_KAPPA_FULLSTACK
02_FORMAL/lean/RIINA/Domains/CovertChannels.lean,226,lean,sorry,active,35_DOMAIN_KAPPA_FULLSTACK
02_FORMAL/lean/RIINA/Domains/CrossLayerSecurity.lean,74,lean,sorry,active,35_DOMAIN_KAPPA_FULLSTACK
02_FORMAL/lean/RIINA/Domains/CrossLayerSecurity.lean,77,lean,sorry,active,35_DOMAIN_KAPPA_FULLSTACK
02_FORMAL/lean/RIINA/Domains/CrossLayerSecurity.lean,80,lean,sorry,active,35_DOMAIN_KAPPA_FULLSTACK
02_FORMAL/lean/RIINA/Domains/DELTA001_VerifiedDistribution.lean,156,lean,sorry,active,29_DOMAIN_DELTA_VERIFIED_DISTRIBUTION
02_FORMAL/lean/RIINA/Domains/DO178CCompliance.lean,192,lean,sorry,active,55_DOMAIN_AJ_VERIFIED_COMPLIANCE
02_FORMAL/lean/RIINA/Domains/DO178CCompliance.lean,286,lean,sorry,active,55_DOMAIN_AJ_VERIFIED_COMPLIANCE
02_FORMAL/lean/RIINA/Domains/DigitalWallet.lean,346,lean,sorry,active,35_DOMAIN_RIINA_WALLET
02_FORMAL/lean/RIINA/Domains/DigitalWallet.lean,349,lean,sorry,active,35_DOMAIN_RIINA_WALLET
02_FORMAL/lean/RIINA/Domains/EnterpriseERP.lean,129,lean,sorry,active,37_DOMAIN_MU_ENTERPRISE_ERP
02_FORMAL/lean/RIINA/Domains/FormalVerification.lean,294,lean,sorry,active,05_DOMAIN_E_FORMAL_VERIFICATION
02_FORMAL/lean/RIINA/Domains/FormalVerification.lean,337,lean,sorry,active,05_DOMAIN_E_FORMAL_VERIFICATION
02_FORMAL/lean/RIINA/Domains/FormalVerification.lean,356,lean,sorry,active,05_DOMAIN_E_FORMAL_VERIFICATION
02_FORMAL/lean/RIINA/Domains/FormalVerification.lean,383,lean,sorry,active,05_DOMAIN_E_FORMAL_VERIFICATION
02_FORMAL/lean/RIINA/Domains/FullstackSecurity.lean,90,lean,sorry,active,35_DOMAIN_KAPPA_FULLSTACK
02_FORMAL/lean/RIINA/Domains/FullstackSecurity.lean,114,lean,sorry,active,35_DOMAIN_KAPPA_FULLSTACK
02_FORMAL/lean/RIINA/Domains/FutureSecurity.lean,332,lean,sorry,active,07_DOMAIN_G_CRYPTO_AND_SIDECHANNEL
02_FORMAL/lean/RIINA/Domains/FutureSecurity.lean,395,lean,sorry,active,07_DOMAIN_G_CRYPTO_AND_SIDECHANNEL
02_FORMAL/lean/RIINA/Domains/HIPAACompliance.lean,177,lean,sorry,active,55_DOMAIN_AJ_VERIFIED_COMPLIANCE
02_FORMAL/lean/RIINA/Domains/HIPAACompliance.lean,204,lean,sorry,active,55_DOMAIN_AJ_VERIFIED_COMPLIANCE
02_FORMAL/lean/RIINA/Domains/HealthcareIS.lean,499,lean,sorry,active,37_DOMAIN_RIINA_HIS
02_FORMAL/lean/RIINA/Domains/HealthcareIS.lean,511,lean,sorry,active,37_DOMAIN_RIINA_HIS
02_FORMAL/lean/RIINA/Domains/HealthcareIS.lean,514,lean,sorry,active,37_DOMAIN_RIINA_HIS
02_FORMAL/lean/RIINA/Domains/HealthcareIS.lean,541,lean,sorry,active,37_DOMAIN_RIINA_HIS
02_FORMAL/lean/RIINA/Domains/HealthcareIS.lean,556,lean,sorry,active,37_DOMAIN_RIINA_HIS
02_FORMAL/lean/RIINA/Domains/HumanFactorSecurity.lean,258,lean,sorry,active,31_DOMAIN_PSI_OPERATIONAL_SECURITY
02_FORMAL/lean/RIINA/Domains/HumanFactorSecurity.lean,261,lean,sorry,active,31_DOMAIN_PSI_OPERATIONAL_SECURITY
02_FORMAL/lean/RIINA/Domains/HumanFactorSecurity.lean,281,lean,sorry,active,31_DOMAIN_PSI_OPERATIONAL_SECURITY
02_FORMAL/lean/RIINA/Domains/HumanFactorSecurity.lean,284,lean,sorry,active,31_DOMAIN_PSI_OPERATIONAL_SECURITY
02_FORMAL/lean/RIINA/Domains/HumanFactorSecurity.lean,315,lean,sorry,active,31_DOMAIN_PSI_OPERATIONAL_SECURITY
02_FORMAL/lean/RIINA/Domains/HumanFactorSecurity.lean,326,lean,sorry,active,31_DOMAIN_PSI_OPERATIONAL_SECURITY
02_FORMAL/lean/RIINA/Domains/HumanFactorSecurity.lean,329,lean,sorry,active,31_DOMAIN_PSI_OPERATIONAL_SECURITY
02_FORMAL/lean/RIINA/Domains/ISO26262Compliance.lean,151,lean,sorry,active,55_DOMAIN_AJ_VERIFIED_COMPLIANCE
02_FORMAL/lean/RIINA/Domains/ISO26262Compliance.lean,198,lean,sorry,active,55_DOMAIN_AJ_VERIFIED_COMPLIANCE
02_FORMAL/lean/RIINA/Domains/InjectionPrevention.lean,137,lean,sorry,active,35_DOMAIN_KAPPA_FULLSTACK
02_FORMAL/lean/RIINA/Domains/IrisSeparationLogic.lean,86,lean,sorry,active,05_DOMAIN_E_FORMAL_VERIFICATION
02_FORMAL/lean/RIINA/Domains/KeyLifecycle.lean,99,lean,sorry,active,52_DOMAIN_AG_KEY_LIFECYCLE
02_FORMAL/lean/RIINA/Domains/LinearTypes.lean,116,lean,sorry,active,01_DOMAIN_A_TYPE_THEORY
02_FORMAL/lean/RIINA/Domains/LinearTypes.lean,119,lean,sorry,active,01_DOMAIN_A_TYPE_THEORY
02_FORMAL/lean/RIINA/Domains/LinearTypes.lean,122,lean,sorry,active,01_DOMAIN_A_TYPE_THEORY
02_FORMAL/lean/RIINA/Domains/LinearTypes.lean,125,lean,sorry,active,01_DOMAIN_A_TYPE_THEORY
02_FORMAL/lean/RIINA/Domains/LinearTypes.lean,178,lean,sorry,active,01_DOMAIN_A_TYPE_THEORY
02_FORMAL/lean/RIINA/Domains/MalaysiaBNMRMiT.lean,101,lean,sorry,active,55_DOMAIN_AJ_VERIFIED_COMPLIANCE
02_FORMAL/lean/RIINA/Domains/MalaysiaMAMPU.lean,79,lean,sorry,active,55_DOMAIN_AJ_VERIFIED_COMPLIANCE
02_FORMAL/lean/RIINA/Domains/MalaysiaMAMPU.lean,90,lean,sorry,active,55_DOMAIN_AJ_VERIFIED_COMPLIANCE
02_FORMAL/lean/RIINA/Domains/MalaysiaPDPA.lean,152,lean,sorry,active,55_DOMAIN_AJ_VERIFIED_COMPLIANCE
02_FORMAL/lean/RIINA/Domains/MalaysiaPDPA.lean,159,lean,sorry,active,55_DOMAIN_AJ_VERIFIED_COMPLIANCE
02_FORMAL/lean/RIINA/Domains/MalaysiaPDPA.lean,168,lean,sorry,active,55_DOMAIN_AJ_VERIFIED_COMPLIANCE
02_FORMAL/lean/RIINA/Domains/MemorySafety.lean,379,lean,sorry,active,06_DOMAIN_F_MEMORY_SAFETY
02_FORMAL/lean/RIINA/Domains/MemorySafety.lean,382,lean,sorry,active,06_DOMAIN_F_MEMORY_SAFETY
02_FORMAL/lean/RIINA/Domains/MemorySafety.lean,385,lean,sorry,active,06_DOMAIN_F_MEMORY_SAFETY
02_FORMAL/lean/RIINA/Domains/MemorySafety.lean,400,lean,sorry,active,06_DOMAIN_F_MEMORY_SAFETY
02_FORMAL/lean/RIINA/Domains/MemorySafety.lean,403,lean,sorry,active,06_DOMAIN_F_MEMORY_SAFETY
02_FORMAL/lean/RIINA/Domains/MetadataPrivacy.lean,90,lean,sorry,active,32_DOMAIN_CHI_METADATA_PRIVACY
02_FORMAL/lean/RIINA/Domains/Metaprogramming.lean,279,lean,sorry,active,11_DOMAIN_K_METAPROGRAMMING_AND_EXISTING_SYSTEMS
02_FORMAL/lean/RIINA/Domains/Metaprogramming.lean,286,lean,sorry,active,11_DOMAIN_K_METAPROGRAMMING_AND_EXISTING_SYSTEMS
02_FORMAL/lean/RIINA/Domains/Metaprogramming.lean,302,lean,sorry,active,11_DOMAIN_K_METAPROGRAMMING_AND_EXISTING_SYSTEMS
02_FORMAL/lean/RIINA/Domains/Metaprogramming.lean,325,lean,sorry,active,11_DOMAIN_K_METAPROGRAMMING_AND_EXISTING_SYSTEMS
02_FORMAL/lean/RIINA/Domains/Metaprogramming.lean,328,lean,sorry,active,11_DOMAIN_K_METAPROGRAMMING_AND_EXISTING_SYSTEMS
02_FORMAL/lean/RIINA/Domains/MobileBridgeVerification.lean,126,lean,sorry,active,36_DOMAIN_LAMBDA_MOBILE_PLATFORM
02_FORMAL/lean/RIINA/Domains/MobileOS/AnimationSystem.lean,174,lean,sorry,active,40_DOMAIN_RIINA_MOBILE_OS
02_FORMAL/lean/RIINA/Domains/MobileOS/AnimationSystem.lean,212,lean,sorry,active,40_DOMAIN_RIINA_MOBILE_OS
02_FORMAL/lean/RIINA/Domains/MobileOS/AppDistribution.lean,262,lean,sorry,active,40_DOMAIN_RIINA_MOBILE_OS
02_FORMAL/lean/RIINA/Domains/MobileOS/AppDistribution.lean,296,lean,sorry,active,40_DOMAIN_RIINA_MOBILE_OS
02_FORMAL/lean/RIINA/Domains/MobileOS/ApplicationLifecycle.lean,153,lean,sorry,active,40_DOMAIN_RIINA_MOBILE_OS
02_FORMAL/lean/RIINA/Domains/MobileOS/ApplicationLifecycle.lean,164,lean,sorry,active,40_DOMAIN_RIINA_MOBILE_OS
02_FORMAL/lean/RIINA/Domains/MobileOS/ApplicationLifecycle.lean,171,lean,sorry,active,40_DOMAIN_RIINA_MOBILE_OS
02_FORMAL/lean/RIINA/Domains/MobileOS/BiometricSystem.lean,152,lean,sorry,active,40_DOMAIN_RIINA_MOBILE_OS
02_FORMAL/lean/RIINA/Domains/MobileOS/ConcurrencyFramework.lean,169,lean,sorry,active,40_DOMAIN_RIINA_MOBILE_OS
02_FORMAL/lean/RIINA/Domains/MobileOS/FileSystem.lean,248,lean,sorry,active,40_DOMAIN_RIINA_MOBILE_OS
02_FORMAL/lean/RIINA/Domains/MobileOS/NetworkingStack.lean,209,lean,sorry,active,40_DOMAIN_RIINA_MOBILE_OS
02_FORMAL/lean/RIINA/Domains/MobileOS/PowerManagement.lean,170,lean,sorry,active,40_DOMAIN_RIINA_MOBILE_OS
02_FORMAL/lean/RIINA/Domains/MobileOS/PowerManagement.lean,173,lean,sorry,active,40_DOMAIN_RIINA_MOBILE_OS
02_FORMAL/lean/RIINA/Domains/MobileOS/TouchGestureSystem.lean,139,lean,sorry,active,40_DOMAIN_RIINA_MOBILE_OS
02_FORMAL/lean/RIINA/Domains/MobileOS/UIComponents.lean,258,lean,sorry,active,40_DOMAIN_RIINA_MOBILE_OS
02_FORMAL/lean/RIINA/Domains/MobileOS/UIComponents.lean,265,lean,sorry,active,40_DOMAIN_RIINA_MOBILE_OS
02_FORMAL/lean/RIINA/Domains/MobileOS/UIComponents.lean,280,lean,sorry,active,40_DOMAIN_RIINA_MOBILE_OS
02_FORMAL/lean/RIINA/Domains/MobileOS/VoiceAssistant.lean,284,lean,sorry,active,40_DOMAIN_RIINA_MOBILE_OS
02_FORMAL/lean/RIINA/Domains/MobileOS/WirelessProtocols.lean,208,lean,sorry,active,40_DOMAIN_RIINA_MOBILE_OS
02_FORMAL/lean/RIINA/Domains/MobilePlatform.lean,109,lean,sorry,active,36_DOMAIN_LAMBDA_MOBILE_PLATFORM
02_FORMAL/lean/RIINA/Domains/MobilePlatform.lean,132,lean,sorry,active,36_DOMAIN_LAMBDA_MOBILE_PLATFORM
02_FORMAL/lean/RIINA/Domains/MobilePlatform.lean,154,lean,sorry,active,36_DOMAIN_LAMBDA_MOBILE_PLATFORM
02_FORMAL/lean/RIINA/Domains/ModuleSystems.lean,252,lean,sorry,active,01_DOMAIN_A_TYPE_THEORY
02_FORMAL/lean/RIINA/Domains/ModuleSystems.lean,255,lean,sorry,active,01_DOMAIN_A_TYPE_THEORY
02_FORMAL/lean/RIINA/Domains/ModuleSystems.lean,381,lean,sorry,active,01_DOMAIN_A_TYPE_THEORY
02_FORMAL/lean/RIINA/Domains/MultiProverValidation.lean,99,lean,sorry,active,05_DOMAIN_E_FORMAL_VERIFICATION
02_FORMAL/lean/RIINA/Domains/MultiProverValidation.lean,102,lean,sorry,active,05_DOMAIN_E_FORMAL_VERIFICATION
02_FORMAL/lean/RIINA/Domains/MultiProverValidation.lean,105,lean,sorry,active,05_DOMAIN_E_FORMAL_VERIFICATION
02_FORMAL/lean/RIINA/Domains/NetworkDefense.lean,274,lean,sorry,active,30_DOMAIN_OMEGA_NETWORK_DEFENSE
02_FORMAL/lean/RIINA/Domains/OwnershipTypes.lean,124,lean,sorry,active,01_DOMAIN_A_TYPE_THEORY
02_FORMAL/lean/RIINA/Domains/OwnershipTypes.lean,127,lean,sorry,active,01_DOMAIN_A_TYPE_THEORY
02_FORMAL/lean/RIINA/Domains/OwnershipTypes.lean,130,lean,sorry,active,01_DOMAIN_A_TYPE_THEORY
02_FORMAL/lean/RIINA/Domains/OwnershipTypes.lean,141,lean,sorry,active,01_DOMAIN_A_TYPE_THEORY
02_FORMAL/lean/RIINA/Domains/OwnershipTypes.lean,144,lean,sorry,active,01_DOMAIN_A_TYPE_THEORY
02_FORMAL/lean/RIINA/Domains/OwnershipTypes.lean,147,lean,sorry,active,01_DOMAIN_A_TYPE_THEORY
02_FORMAL/lean/RIINA/Domains/PCIDSSCompliance.lean,239,lean,sorry,active,55_DOMAIN_AJ_VERIFIED_COMPLIANCE
02_FORMAL/lean/RIINA/Domains/PSI001_OperationalSecurity.lean,228,lean,sorry,active,31_DOMAIN_PSI_OPERATIONAL_SECURITY
02_FORMAL/lean/RIINA/Domains/PSI001_OperationalSecurity.lean,235,lean,sorry,active,31_DOMAIN_PSI_OPERATIONAL_SECURITY
02_FORMAL/lean/RIINA/Domains/PhysicsSecurity.lean,121,lean,sorry,active,32_DOMAIN_RIINA_PHYSICS
02_FORMAL/lean/RIINA/Domains/PlatformStdlibVerification.lean,81,lean,sorry,active,16_DOMAIN_P_STANDARD_LIBRARY
02_FORMAL/lean/RIINA/Domains/PostQuantumKEM.lean,139,lean,sorry,active,07_DOMAIN_G_CRYPTO_AND_SIDECHANNEL
02_FORMAL/lean/RIINA/Domains/PostQuantumSignatures.lean,163,lean,sorry,active,07_DOMAIN_G_CRYPTO_AND_SIDECHANNEL
02_FORMAL/lean/RIINA/Domains/QuantitativeDeclassification.lean,61,lean,sorry,active,03_DOMAIN_C_INFORMATION_FLOW_CONTROL
02_FORMAL/lean/RIINA/Domains/QuantitativeDeclassification.lean,64,lean,sorry,active,03_DOMAIN_C_INFORMATION_FLOW_CONTROL
02_FORMAL/lean/RIINA/Domains/QuantumSafeTLS.lean,333,lean,sorry,active,07_DOMAIN_G_CRYPTO_AND_SIDECHANNEL
02_FORMAL/lean/RIINA/Domains/QuantumTypes.lean,80,lean,sorry,active,07_DOMAIN_G_CRYPTO_AND_SIDECHANNEL
02_FORMAL/lean/RIINA/Domains/QuantumTypes.lean,83,lean,sorry,active,07_DOMAIN_G_CRYPTO_AND_SIDECHANNEL
02_FORMAL/lean/RIINA/Domains/ROPDefense.lean,227,lean,sorry,active,04_DOMAIN_D_HARDWARE_AND_CAPABILITY_SECURITY
02_FORMAL/lean/RIINA/Domains/ROPDefense.lean,247,lean,sorry,active,04_DOMAIN_D_HARDWARE_AND_CAPABILITY_SECURITY
02_FORMAL/lean/RIINA/Domains/RadiationHardening.lean,170,lean,sorry,active,40_DOMAIN_THETA_RADIATION_HARDENING
02_FORMAL/lean/RIINA/Domains/RadiationHardening.lean,189,lean,sorry,active,40_DOMAIN_THETA_RADIATION_HARDENING
02_FORMAL/lean/RIINA/Domains/S001_HardwareContracts.lean,132,lean,sorry,active,19_DOMAIN_S_HARDWARE_CONTRACTS
02_FORMAL/lean/RIINA/Domains/S001_HardwareContracts.lean,148,lean,sorry,active,19_DOMAIN_S_HARDWARE_CONTRACTS
02_FORMAL/lean/RIINA/Domains/S001_HardwareContracts.lean,192,lean,sorry,active,19_DOMAIN_S_HARDWARE_CONTRACTS
02_FORMAL/lean/RIINA/Domains/S001_HardwareContracts.lean,195,lean,sorry,active,19_DOMAIN_S_HARDWARE_CONTRACTS
02_FORMAL/lean/RIINA/Domains/SIGMA001_VerifiedStorage.lean,277,lean,sorry,active,27_DOMAIN_SIGMA_VERIFIED_STORAGE
02_FORMAL/lean/RIINA/Domains/SIGMA001_VerifiedStorage.lean,280,lean,sorry,active,27_DOMAIN_SIGMA_VERIFIED_STORAGE
02_FORMAL/lean/RIINA/Domains/SecureBootVerification.lean,397,lean,sorry,active,04_DOMAIN_D_HARDWARE_AND_CAPABILITY_SECURITY
02_FORMAL/lean/RIINA/Domains/SecurityFoundation/BootVerification.lean,115,lean,sorry,active,04_DOMAIN_D_HARDWARE_AND_CAPABILITY_SECURITY
02_FORMAL/lean/RIINA/Domains/SecurityFoundation/BootVerification.lean,118,lean,sorry,active,04_DOMAIN_D_HARDWARE_AND_CAPABILITY_SECURITY
02_FORMAL/lean/RIINA/Domains/SecurityFoundation/BootVerification.lean,121,lean,sorry,active,04_DOMAIN_D_HARDWARE_AND_CAPABILITY_SECURITY
02_FORMAL/lean/RIINA/Domains/SecurityFoundation/RollbackProtection.lean,103,lean,sorry,active,04_DOMAIN_D_HARDWARE_AND_CAPABILITY_SECURITY
02_FORMAL/lean/RIINA/Domains/SecurityFoundation/RollbackProtection.lean,125,lean,sorry,active,04_DOMAIN_D_HARDWARE_AND_CAPABILITY_SECURITY
02_FORMAL/lean/RIINA/Domains/SecurityFoundation/RollbackProtection.lean,128,lean,sorry,active,04_DOMAIN_D_HARDWARE_AND_CAPABILITY_SECURITY
02_FORMAL/lean/RIINA/Domains/SecurityFoundation/SensorDrivers.lean,107,lean,sorry,active,04_DOMAIN_D_HARDWARE_AND_CAPABILITY_SECURITY
02_FORMAL/lean/RIINA/Domains/SessionTypes.lean,122,lean,sorry,active,01_DOMAIN_A_TYPE_THEORY
02_FORMAL/lean/RIINA/Domains/SingaporeMTCS.lean,113,lean,sorry,active,55_DOMAIN_AJ_VERIFIED_COMPLIANCE
02_FORMAL/lean/RIINA/Domains/SingaporePDPA.lean,172,lean,sorry,active,55_DOMAIN_AJ_VERIFIED_COMPLIANCE
02_FORMAL/lean/RIINA/Domains/SingaporePDPA.lean,175,lean,sorry,active,55_DOMAIN_AJ_VERIFIED_COMPLIANCE
02_FORMAL/lean/RIINA/Domains/SingaporePDPA.lean,292,lean,sorry,active,55_DOMAIN_AJ_VERIFIED_COMPLIANCE
02_FORMAL/lean/RIINA/Domains/SpeculativeExecution.lean,82,lean,sorry,active,07_DOMAIN_G_CRYPTO_AND_SIDECHANNEL
02_FORMAL/lean/RIINA/Domains/SpeculativeExecution.lean,85,lean,sorry,active,07_DOMAIN_G_CRYPTO_AND_SIDECHANNEL
02_FORMAL/lean/RIINA/Domains/SpeculativeExecution.lean,88,lean,sorry,active,07_DOMAIN_G_CRYPTO_AND_SIDECHANNEL
02_FORMAL/lean/RIINA/Domains/StandardLibrary.lean,321,lean,sorry,active,16_DOMAIN_P_STANDARD_LIBRARY
02_FORMAL/lean/RIINA/Domains/StandardLibrary.lean,336,lean,sorry,active,16_DOMAIN_P_STANDARD_LIBRARY
02_FORMAL/lean/RIINA/Domains/StandardLibrary.lean,396,lean,sorry,active,16_DOMAIN_P_STANDARD_LIBRARY
02_FORMAL/lean/RIINA/Domains/TEEAttestation.lean,350,lean,sorry,active,04_DOMAIN_D_HARDWARE_AND_CAPABILITY_SECURITY
02_FORMAL/lean/RIINA/Domains/TEEAttestation.lean,353,lean,sorry,active,04_DOMAIN_D_HARDWARE_AND_CAPABILITY_SECURITY
02_FORMAL/lean/RIINA/Domains/TEEAttestation.lean,364,lean,sorry,active,04_DOMAIN_D_HARDWARE_AND_CAPABILITY_SECURITY
02_FORMAL/lean/RIINA/Domains/TestingQA.lean,241,lean,sorry,active,13_DOMAIN_M_TESTING_QA
02_FORMAL/lean/RIINA/Domains/TestingQA.lean,256,lean,sorry,active,13_DOMAIN_M_TESTING_QA
02_FORMAL/lean/RIINA/Domains/TestingQA.lean,308,lean,sorry,active,13_DOMAIN_M_TESTING_QA
02_FORMAL/lean/RIINA/Domains/TestingQA.lean,311,lean,sorry,active,13_DOMAIN_M_TESTING_QA
02_FORMAL/lean/RIINA/Domains/TimingSecurity.lean,183,lean,sorry,active,49_DOMAIN_AD_TIME_SECURITY
02_FORMAL/lean/RIINA/Domains/TimingSecurity.lean,190,lean,sorry,active,49_DOMAIN_AD_TIME_SECURITY
02_FORMAL/lean/RIINA/Domains/TimingSecurity.lean,217,lean,sorry,active,49_DOMAIN_AD_TIME_SECURITY
02_FORMAL/lean/RIINA/Domains/TimingSecurity.lean,220,lean,sorry,active,49_DOMAIN_AD_TIME_SECURITY
02_FORMAL/lean/RIINA/Domains/TimingSecurity.lean,223,lean,sorry,active,49_DOMAIN_AD_TIME_SECURITY
02_FORMAL/lean/RIINA/Domains/TimingSecurity.lean,226,lean,sorry,active,49_DOMAIN_AD_TIME_SECURITY
02_FORMAL/lean/RIINA/Domains/TimingSecurity.lean,251,lean,sorry,active,49_DOMAIN_AD_TIME_SECURITY
02_FORMAL/lean/RIINA/Domains/TimingSecurity.lean,274,lean,sorry,active,49_DOMAIN_AD_TIME_SECURITY
02_FORMAL/lean/RIINA/Domains/TimingSecurity.lean,312,lean,sorry,active,49_DOMAIN_AD_TIME_SECURITY
02_FORMAL/lean/RIINA/Domains/ToolingIDE.lean,237,lean,sorry,active,14_DOMAIN_N_TOOLING_IDE
02_FORMAL/lean/RIINA/Domains/ToolingIDE.lean,296,lean,sorry,active,14_DOMAIN_N_TOOLING_IDE
02_FORMAL/lean/RIINA/Domains/ToolingIDE.lean,330,lean,sorry,active,14_DOMAIN_N_TOOLING_IDE
02_FORMAL/lean/RIINA/Domains/TotalStackFoundation.lean,158,lean,sorry,active,27_DOMAIN_TOTAL_STACK
02_FORMAL/lean/RIINA/Domains/TotalStackFoundation.lean,177,lean,sorry,active,27_DOMAIN_TOTAL_STACK
02_FORMAL/lean/RIINA/Domains/TotalStackFoundation.lean,180,lean,sorry,active,27_DOMAIN_TOTAL_STACK
02_FORMAL/lean/RIINA/Domains/TotalStackFoundation.lean,187,lean,sorry,active,27_DOMAIN_TOTAL_STACK
02_FORMAL/lean/RIINA/Domains/TranslationValidation.lean,201,lean,sorry,active,18_DOMAIN_R_CERTIFIED_COMPILATION
02_FORMAL/lean/RIINA/Domains/TranslationValidation.lean,204,lean,sorry,active,18_DOMAIN_R_CERTIFIED_COMPILATION
02_FORMAL/lean/RIINA/Domains/TranslationValidation.lean,207,lean,sorry,active,18_DOMAIN_R_CERTIFIED_COMPILATION
02_FORMAL/lean/RIINA/Domains/TranslationValidation.lean,217,lean,sorry,active,18_DOMAIN_R_CERTIFIED_COMPILATION
02_FORMAL/lean/RIINA/Domains/UIUX/AnimationEngine.lean,58,lean,sorry,active,31_DOMAIN_RIINA_UX
02_FORMAL/lean/RIINA/Domains/UIUX/CognitiveAccessibility.lean,156,lean,sorry,active,31_DOMAIN_RIINA_UX
02_FORMAL/lean/RIINA/Domains/UIUX/CognitiveAccessibility.lean,171,lean,sorry,active,31_DOMAIN_RIINA_UX
02_FORMAL/lean/RIINA/Domains/UIUX/MotorAccessibility.lean,89,lean,sorry,active,31_DOMAIN_RIINA_UX
02_FORMAL/lean/RIINA/Domains/UIUX/MotorAccessibility.lean,96,lean,sorry,active,31_DOMAIN_RIINA_UX
02_FORMAL/lean/RIINA/Domains/UIUX/VisualAccessibility.lean,85,lean,sorry,active,31_DOMAIN_RIINA_UX
02_FORMAL/lean/RIINA/Domains/UIUX/VisualAccessibility.lean,100,lean,sorry,active,31_DOMAIN_RIINA_UX
02_FORMAL/lean/RIINA/Domains/V001_TerminationGuarantees.lean,115,lean,sorry,active,22_DOMAIN_V_TERMINATION_GUARANTEES
02_FORMAL/lean/RIINA/Domains/V001_TerminationGuarantees.lean,118,lean,sorry,active,22_DOMAIN_V_TERMINATION_GUARANTEES
02_FORMAL/lean/RIINA/Domains/VerifiedAIML.lean,173,lean,sorry,active,38_DOMAIN_NU_VERIFIED_AI_ML
02_FORMAL/lean/RIINA/Domains/VerifiedAutonomy.lean,126,lean,sorry,active,43_DOMAIN_RHO_VERIFIED_AUTONOMY
02_FORMAL/lean/RIINA/Domains/VerifiedAutonomy.lean,137,lean,sorry,active,43_DOMAIN_RHO_VERIFIED_AUTONOMY
02_FORMAL/lean/RIINA/Domains/VerifiedFileSystem.lean,359,lean,sorry,active,27_DOMAIN_SIGMA_VERIFIED_STORAGE
02_FORMAL/lean/RIINA/Domains/VerifiedFileSystem.lean,403,lean,sorry,active,27_DOMAIN_SIGMA_VERIFIED_STORAGE
02_FORMAL/lean/RIINA/Domains/VerifiedFileSystem.lean,410,lean,sorry,active,27_DOMAIN_SIGMA_VERIFIED_STORAGE
02_FORMAL/lean/RIINA/Domains/VerifiedFileSystem.lean,413,lean,sorry,active,27_DOMAIN_SIGMA_VERIFIED_STORAGE
02_FORMAL/lean/RIINA/Domains/VerifiedHardware.lean,233,lean,sorry,active,39_DOMAIN_PHI_VERIFIED_HARDWARE
02_FORMAL/lean/RIINA/Domains/VerifiedIdentity.lean,342,lean,sorry,active,46_DOMAIN_AA_VERIFIED_IDENTITY
02_FORMAL/lean/RIINA/Domains/VerifiedIdentity.lean,349,lean,sorry,active,46_DOMAIN_AA_VERIFIED_IDENTITY
02_FORMAL/lean/RIINA/Domains/VerifiedIdentity.lean,352,lean,sorry,active,46_DOMAIN_AA_VERIFIED_IDENTITY
02_FORMAL/lean/RIINA/Domains/VerifiedIsolation.lean,316,lean,sorry,active,54_DOMAIN_AI_VERIFIED_ISOLATION
02_FORMAL/lean/RIINA/Domains/VerifiedIsolation.lean,323,lean,sorry,active,54_DOMAIN_AI_VERIFIED_ISOLATION
02_FORMAL/lean/RIINA/Domains/VerifiedIsolation.lean,336,lean,sorry,active,54_DOMAIN_AI_VERIFIED_ISOLATION
02_FORMAL/lean/RIINA/Domains/VerifiedNetwork.lean,336,lean,sorry,active,29_DOMAIN_RIINA_NET
02_FORMAL/lean/RIINA/Domains/VerifiedNetwork.lean,343,lean,sorry,active,29_DOMAIN_RIINA_NET
02_FORMAL/lean/RIINA/Domains/VerifiedNetwork.lean,367,lean,sorry,active,29_DOMAIN_RIINA_NET
02_FORMAL/lean/RIINA/Domains/VerifiedNetwork.lean,384,lean,sorry,active,29_DOMAIN_RIINA_NET
02_FORMAL/lean/RIINA/Domains/VerifiedNetworkStack.lean,362,lean,sorry,active,29_DOMAIN_RIINA_NET
02_FORMAL/lean/RIINA/Domains/VerifiedNetworkStack.lean,495,lean,sorry,active,29_DOMAIN_RIINA_NET
02_FORMAL/lean/RIINA/Domains/VerifiedNetworkStack.lean,517,lean,sorry,active,29_DOMAIN_RIINA_NET
02_FORMAL/lean/RIINA/Domains/VerifiedProtocols.lean,342,lean,sorry,active,53_DOMAIN_AH_VERIFIED_PROTOCOLS
02_FORMAL/lean/RIINA/Domains/VerifiedProtocols.lean,419,lean,sorry,active,53_DOMAIN_AH_VERIFIED_PROTOCOLS
02_FORMAL/lean/RIINA/Domains/VerifiedRuntime.lean,123,lean,sorry,active,30_DOMAIN_RIINA_RUNTIME
02_FORMAL/lean/RIINA/Domains/VerifiedUI.lean,469,lean,sorry,active,31_DOMAIN_RIINA_UX
02_FORMAL/lean/RIINA/Domains/VerifiedUI.lean,524,lean,sorry,active,31_DOMAIN_RIINA_UX
02_FORMAL/lean/RIINA/Domains/W001_VerifiedMemory.lean,160,lean,sorry,active,06_DOMAIN_F_MEMORY_SAFETY
02_FORMAL/lean/RIINA/Domains/WasmBackendVerification.lean,146,lean,sorry,active,18_DOMAIN_R_CERTIFIED_COMPILATION
02_FORMAL/lean/RIINA/Domains/WasmBackendVerification.lean,166,lean,sorry,active,18_DOMAIN_R_CERTIFIED_COMPILATION
02_FORMAL/lean/RIINA/Domains/WebSecurity.lean,172,lean,sorry,active,35_DOMAIN_KAPPA_FULLSTACK
02_FORMAL/lean/RIINA/Domains/XSSPrevention.lean,381,lean,sorry,active,35_DOMAIN_KAPPA_FULLSTACK
02_FORMAL/lean/RIINA/Domains/Z001_DeclassificationPolicy.lean,163,lean,sorry,active,03_DOMAIN_C_INFORMATION_FLOW_CONTROL
02_FORMAL/lean/RIINA/Domains/Z001_DeclassificationPolicy.lean,166,lean,sorry,active,03_DOMAIN_C_INFORMATION_FLOW_CONTROL
02_FORMAL/lean/RIINA/Domains/Z001_DeclassificationPolicy.lean,169,lean,sorry,active,03_DOMAIN_C_INFORMATION_FLOW_CONTROL
02_FORMAL/lean/RIINA/Industries/IndustryAerospace.lean,92,lean,sorry,active,UNMAPPED
02_FORMAL/lean/RIINA/Industries/IndustryHealthcare.lean,128,lean,sorry,active,UNMAPPED
02_FORMAL/lean/RIINA/Industries/IndustryManufacturing.lean,159,lean,sorry,active,UNMAPPED
02_FORMAL/lean/RIINA/Industries/IndustryMilitary.lean,84,lean,sorry,active,UNMAPPED
02_FORMAL/lean/RIINA/Properties/CumulativeRelation.lean,64,lean,sorry,active,05_DOMAIN_E_FORMAL_VERIFICATION
02_FORMAL/lean/RIINA/Properties/MaximumAxiomElimination.lean,123,lean,sorry,active,05_DOMAIN_E_FORMAL_VERIFICATION
02_FORMAL/lean/RIINA/Properties/MaximumAxiomElimination.lean,161,lean,sorry,active,05_DOMAIN_E_FORMAL_VERIFICATION
99_ARCHIVE/claude_web_session46_outputs/Prompt3_Declassification.v,676,coq,admit,archived,03_DOMAIN_C_INFORMATION_FLOW_CONTROL
99_ARCHIVE/claude_web_session46_outputs/Prompt3_Declassification.v,696,coq,admit,archived,03_DOMAIN_C_INFORMATION_FLOW_CONTROL
99_ARCHIVE/claude_web_session46_outputs/Prompt3_Declassification.v,812,coq,admit,archived,03_DOMAIN_C_INFORMATION_FLOW_CONTROL
99_ARCHIVE/claude_web_session46_outputs/Prompt3_Declassification.v,839,coq,admit,archived,03_DOMAIN_C_INFORMATION_FLOW_CONTROL
99_ARCHIVE/claude_web_session46_outputs/Prompt3_Declassification.v,880,coq,admit,archived,03_DOMAIN_C_INFORMATION_FLOW_CONTROL
99_ARCHIVE/claude_web_session46_outputs/Prompt5_SN_Final.v,215,coq,admit,archived,UNMAPPED
99_ARCHIVE/claude_web_session46_outputs/Prompt5_SN_Final.v,217,coq,admit,archived,UNMAPPED
99_ARCHIVE/claude_web_session46_outputs/Prompt5_SN_Final.v,218,coq,admit,archived,UNMAPPED
99_ARCHIVE/claude_web_session46_outputs/Prompt5_SN_Final.v,261,coq,admit,archived,UNMAPPED
99_ARCHIVE/claude_web_session46_outputs/Prompt5_SN_Final.v,262,coq,admit,archived,UNMAPPED
99_ARCHIVE/phase4_standalone_proofs/LogicalRelationAssign_PROOF_COMPLETE.v,497,coq,admit,archived,03_DOMAIN_C_INFORMATION_FLOW_CONTROL
99_ARCHIVE/phase4_standalone_proofs/LogicalRelationAssign_PROOF_COMPLETE.v,611,coq,admit,archived,03_DOMAIN_C_INFORMATION_FLOW_CONTROL
99_ARCHIVE/phase4_standalone_proofs/LogicalRelationAssign_PROOF_COMPLETE.v,619,coq,admit,archived,03_DOMAIN_C_INFORMATION_FLOW_CONTROL
99_ARCHIVE/phase4_standalone_proofs/LogicalRelationAssign_PROOF_COMPLETE.v,627,coq,admit,archived,03_DOMAIN_C_INFORMATION_FLOW_CONTROL
99_ARCHIVE/phase4_standalone_proofs/LogicalRelationAssign_PROOF_COMPLETE.v,639,coq,admit,archived,03_DOMAIN_C_INFORMATION_FLOW_CONTROL
99_ARCHIVE/phase4_standalone_proofs/LogicalRelationAssign_PROOF_COMPLETE.v,646,coq,admit,archived,03_DOMAIN_C_INFORMATION_FLOW_CONTROL
99_ARCHIVE/phase4_standalone_proofs/LogicalRelationAssign_PROOF_COMPLETE.v,647,coq,admit,archived,03_DOMAIN_C_INFORMATION_FLOW_CONTROL
99_ARCHIVE/phase4_standalone_proofs/LogicalRelationDeref_PROOF_COMPLETE.v,305,coq,admit,archived,03_DOMAIN_C_INFORMATION_FLOW_CONTROL
99_ARCHIVE/phase4_standalone_proofs/LogicalRelationDeref_PROOF_COMPLETE.v,310,coq,admit,archived,03_DOMAIN_C_INFORMATION_FLOW_CONTROL
99_ARCHIVE/phase4_standalone_proofs/LogicalRelationDeref_PROOF_COMPLETE.v,413,coq,admit,archived,03_DOMAIN_C_INFORMATION_FLOW_CONTROL
99_ARCHIVE/phase4_standalone_proofs/LogicalRelationDeref_PROOF_COMPLETE.v,414,coq,admit,archived,03_DOMAIN_C_INFORMATION_FLOW_CONTROL
99_ARCHIVE/phase4_standalone_proofs/LogicalRelationDeref_PROOF_COMPLETE.v,478,coq,admit,archived,03_DOMAIN_C_INFORMATION_FLOW_CONTROL
99_ARCHIVE/phase4_standalone_proofs/LogicalRelationDeref_PROOF_COMPLETE.v,644,coq,admit,archived,03_DOMAIN_C_INFORMATION_FLOW_CONTROL
99_ARCHIVE/phase4_standalone_proofs/LogicalRelationDeref_PROOF_COMPLETE.v,649,coq,admit,archived,03_DOMAIN_C_INFORMATION_FLOW_CONTROL
99_ARCHIVE/phase4_standalone_proofs/LogicalRelationDeref_PROOF_COMPLETE.v,659,coq,admit,archived,03_DOMAIN_C_INFORMATION_FLOW_CONTROL
99_ARCHIVE/phase4_standalone_proofs/LogicalRelationDeref_PROOF_COMPLETE.v,664,coq,admit,archived,03_DOMAIN_C_INFORMATION_FLOW_CONTROL
99_ARCHIVE/phase4_standalone_proofs/LogicalRelationDeref_PROOF_COMPLETE.v,669,coq,admit,archived,03_DOMAIN_C_INFORMATION_FLOW_CONTROL
99_ARCHIVE/phase4_standalone_proofs/LogicalRelationDeref_PROOF_COMPLETE.v,674,coq,admit,archived,03_DOMAIN_C_INFORMATION_FLOW_CONTROL
99_ARCHIVE/phase4_standalone_proofs/LogicalRelationDeref_PROOF_COMPLETE.v,675,coq,admit,archived,03_DOMAIN_C_INFORMATION_FLOW_CONTROL
99_ARCHIVE/root_cleanup_session47/NonInterference_v2_claude_web_prompt7.v,1050,coq,admit,archived,03_DOMAIN_C_INFORMATION_FLOW_CONTROL
99_ARCHIVE/root_cleanup_session47/NonInterference_v2_claude_web_prompt7.v,1052,coq,admit,archived,03_DOMAIN_C_INFORMATION_FLOW_CONTROL
99_ARCHIVE/root_cleanup_session47/NonInterference_v2_claude_web_prompt7.v,1089,coq,admit,archived,03_DOMAIN_C_INFORMATION_FLOW_CONTROL
99_ARCHIVE/root_cleanup_session47/NonInterference_v2_claude_web_prompt7.v,1189,coq,admit,archived,03_DOMAIN_C_INFORMATION_FLOW_CONTROL
99_ARCHIVE/root_cleanup_session47/NonInterference_v2_claude_web_prompt7.v,1190,coq,admit,archived,03_DOMAIN_C_INFORMATION_FLOW_CONTROL
99_ARCHIVE/root_cleanup_session47/NonInterference_v2_claude_web_prompt7.v,1245,coq,admit,archived,03_DOMAIN_C_INFORMATION_FLOW_CONTROL
99_ARCHIVE/root_cleanup_session47/NonInterference_v2_claude_web_prompt7.v,1250,coq,admit,archived,03_DOMAIN_C_INFORMATION_FLOW_CONTROL
99_ARCHIVE/root_cleanup_session47/NonInterference_v2_claude_web_prompt7.v,1251,coq,admit,archived,03_DOMAIN_C_INFORMATION_FLOW_CONTROL
99_ARCHIVE/root_cleanup_session47/NonInterference_v2_claude_web_prompt7.v,1252,coq,admit,archived,03_DOMAIN_C_INFORMATION_FLOW_CONTROL
99_ARCHIVE/root_cleanup_session47/NonInterference_v2_claude_web_prompt7.v,1253,coq,admit,archived,03_DOMAIN_C_INFORMATION_FLOW_CONTROL
99_ARCHIVE/root_cleanup_session47/NonInterference_v2_claude_web_prompt7.v,1265,coq,admit,archived,03_DOMAIN_C_INFORMATION_FLOW_CONTROL
99_ARCHIVE/root_cleanup_session47/NonInterference_v2_claude_web_prompt7.v,1322,coq,admit,archived,03_DOMAIN_C_INFORMATION_FLOW_CONTROL
99_ARCHIVE/root_cleanup_session47/NonInterference_v2_claude_web_prompt7.v,1327,coq,admit,archived,03_DOMAIN_C_INFORMATION_FLOW_CONTROL
99_ARCHIVE/root_cleanup_session47/Prompt3_Declassification.v,676,coq,admit,archived,03_DOMAIN_C_INFORMATION_FLOW_CONTROL
99_ARCHIVE/root_cleanup_session47/Prompt3_Declassification.v,696,coq,admit,archived,03_DOMAIN_C_INFORMATION_FLOW_CONTROL
99_ARCHIVE/root_cleanup_session47/Prompt3_Declassification.v,812,coq,admit,archived,03_DOMAIN_C_INFORMATION_FLOW_CONTROL
99_ARCHIVE/root_cleanup_session47/Prompt3_Declassification.v,839,coq,admit,archived,03_DOMAIN_C_INFORMATION_FLOW_CONTROL
99_ARCHIVE/root_cleanup_session47/Prompt3_Declassification.v,880,coq,admit,archived,03_DOMAIN_C_INFORMATION_FLOW_CONTROL
99_ARCHIVE/root_cleanup_session47/Prompt5_SN_Final.v,215,coq,admit,archived,UNMAPPED
99_ARCHIVE/root_cleanup_session47/Prompt5_SN_Final.v,217,coq,admit,archived,UNMAPPED
99_ARCHIVE/root_cleanup_session47/Prompt5_SN_Final.v,218,coq,admit,archived,UNMAPPED
99_ARCHIVE/root_cleanup_session47/Prompt5_SN_Final.v,261,coq,admit,archived,UNMAPPED
99_ARCHIVE/root_cleanup_session47/Prompt5_SN_Final.v,262,coq,admit,archived,UNMAPPED
99_ARCHIVE/superseded_patches/NonInterference_v2_PATCH.v,129,coq,admit,archived,03_DOMAIN_C_INFORMATION_FLOW_CONTROL
99_ARCHIVE/superseded_patches/NonInterference_v2_PATCH.v,146,coq,admit,archived,03_DOMAIN_C_INFORMATION_FLOW_CONTROL
99_ARCHIVE/superseded_patches/NonInterference_v2_PATCH.v,161,coq,admit,archived,03_DOMAIN_C_INFORMATION_FLOW_CONTROL
99_ARCHIVE/superseded_patches/NonInterference_v2_PATCH.v,162,coq,admit,archived,03_DOMAIN_C_INFORMATION_FLOW_CONTROL
99_ARCHIVE/superseded_patches/NonInterference_v2_PATCH.v,223,coq,admit,archived,03_DOMAIN_C_INFORMATION_FLOW_CONTROL
99_ARCHIVE/superseded_patches/NonInterference_v2_PATCH.v,225,coq,admit,archived,03_DOMAIN_C_INFORMATION_FLOW_CONTROL
99_ARCHIVE/superseded_patches/NonInterference_v2_PATCH.v,258,coq,admit,archived,03_DOMAIN_C_INFORMATION_FLOW_CONTROL
99_ARCHIVE/superseded_patches/NonInterference_v2_PATCH.v,259,coq,admit,archived,03_DOMAIN_C_INFORMATION_FLOW_CONTROL
99_ARCHIVE/superseded_patches/NonInterference_v2_PATCH.v,262,coq,admit,archived,03_DOMAIN_C_INFORMATION_FLOW_CONTROL
99_ARCHIVE/superseded_patches/NonInterference_v2_PATCH.v,265,coq,admit,archived,03_DOMAIN_C_INFORMATION_FLOW_CONTROL
99_ARCHIVE/superseded_patches/NonInterference_v2_PATCH.v,266,coq,admit,archived,03_DOMAIN_C_INFORMATION_FLOW_CONTROL
99_ARCHIVE/superseded_patches/NonInterference_v2_PATCH.v,269,coq,admit,archived,03_DOMAIN_C_INFORMATION_FLOW_CONTROL
99_ARCHIVE/superseded_patches/NonInterference_v2_PATCH.v,270,coq,admit,archived,03_DOMAIN_C_INFORMATION_FLOW_CONTROL
99_ARCHIVE/superseded_patches/NonInterference_v2_PATCH.v,271,coq,admit,archived,03_DOMAIN_C_INFORMATION_FLOW_CONTROL
99_ARCHIVE/superseded_patches/NonInterference_v2_PATCH.v,328,coq,admit,archived,03_DOMAIN_C_INFORMATION_FLOW_CONTROL
99_ARCHIVE/superseded_patches/NonInterference_v2_PATCH.v,329,coq,admit,archived,03_DOMAIN_C_INFORMATION_FLOW_CONTROL
99_ARCHIVE/superseded_patches/NonInterference_v2_PATCH.v,376,coq,admit,archived,03_DOMAIN_C_INFORMATION_FLOW_CONTROL
99_ARCHIVE/superseded_patches/NonInterference_v2_PATCH.v,382,coq,admit,archived,03_DOMAIN_C_INFORMATION_FLOW_CONTROL
99_ARCHIVE/superseded_patches/NonInterference_v2_PATCH.v,432,coq,admit,archived,03_DOMAIN_C_INFORMATION_FLOW_CONTROL
99_ARCHIVE/superseded_patches/NonInterference_v2_PATCH.v,446,coq,admit,archived,03_DOMAIN_C_INFORMATION_FLOW_CONTROL
99_ARCHIVE/superseded_patches/NonInterference_v2_PATCH.v,448,coq,admit,archived,03_DOMAIN_C_INFORMATION_FLOW_CONTROL
99_ARCHIVE/superseded_patches/NonInterference_v2_PATCH.v,449,coq,admit,archived,03_DOMAIN_C_INFORMATION_FLOW_CONTROL
99_ARCHIVE/superseded_patches/NonInterference_v2_PATCH.v,450,coq,admit,archived,03_DOMAIN_C_INFORMATION_FLOW_CONTROL
99_ARCHIVE/superseded_patches/NonInterference_v2_PATCH.v,451,coq,admit,archived,03_DOMAIN_C_INFORMATION_FLOW_CONTROL
99_ARCHIVE/superseded_patches/ReducibilityFull_FIXED.v,296,coq,admit,archived,UNMAPPED
99_ARCHIVE/superseded_patches/ReducibilityFull_FIXED.v,305,coq,admit,archived,UNMAPPED
99_ARCHIVE/superseded_patches/ReducibilityFull_FIXED.v,431,coq,admit,archived,UNMAPPED
99_ARCHIVE/superseded_patches/ReducibilityFull_FIXED.v,442,coq,admit,archived,UNMAPPED
99_ARCHIVE/superseded_patches/ReducibilityFull_FIXED.v,444,coq,admit,archived,UNMAPPED
99_ARCHIVE/superseded_patches/ReducibilityFull_FIXED.v,450,coq,admit,archived,UNMAPPED
99_ARCHIVE/superseded_patches/ReducibilityFull_FIXED.v,455,coq,admit,archived,UNMAPPED
99_ARCHIVE/superseded_patches/ReducibilityFull_FIXED.v,464,coq,admit,archived,UNMAPPED
99_ARCHIVE/superseded_patches/ReducibilityFull_FIXED.v,526,coq,admit,archived,UNMAPPED
99_ARCHIVE/superseded_patches/ReducibilityFull_FIXED.v,527,coq,admit,archived,UNMAPPED
99_ARCHIVE/superseded_patches/ReducibilityFull_FIXED.v,571,coq,admit,archived,UNMAPPED
99_ARCHIVE/superseded_patches/ReducibilityFull_FIXED.v,589,coq,admit,archived,UNMAPPED
99_ARCHIVE/superseded_patches/ReducibilityFull_FIXED.v,593,coq,admit,archived,UNMAPPED
99_ARCHIVE/superseded_patches/ReducibilityFull_PATCH.v,181,coq,axiom,archived,UNMAPPED
99_ARCHIVE/superseded_patches/ReducibilityFull_PATCH.v,200,coq,axiom,archived,UNMAPPED
99_ARCHIVE/superseded_patches/ReducibilityFull_PATCH.v,259,coq,admit,archived,UNMAPPED
99_ARCHIVE/superseded_patches/ReducibilityFull_PATCH.v,394,coq,admit,archived,UNMAPPED
99_ARCHIVE/superseded_patches/ReducibilityFull_PROVEN.v,488,coq,admit,archived,UNMAPPED
99_ARCHIVE/superseded_patches/ReducibilityFull_PROVEN.v,489,coq,admit,archived,UNMAPPED
99_ARCHIVE/superseded_patches/ReducibilityFull_PROVEN.v,535,coq,axiom,archived,UNMAPPED
99_ARCHIVE/superseded_patches/ReducibilityFull_PROVEN.v,601,coq,admit,archived,UNMAPPED
99_ARCHIVE/superseded_patches/ReducibilityFull_PROVEN.v,611,coq,admit,archived,UNMAPPED
99_ARCHIVE/superseded_patches/ReducibilityFull_PROVEN.v,649,coq,admit,archived,UNMAPPED
99_ARCHIVE/superseded_patches/ReducibilityFull_PROVEN.v,665,coq,admit,archived,UNMAPPED
99_ARCHIVE/superseded_patches/ReducibilityFull_PROVEN.v,693,coq,admit,archived,UNMAPPED
99_ARCHIVE/superseded_patches/ReducibilityFull_PROVEN.v,719,coq,admit,archived,UNMAPPED
99_ARCHIVE/superseded_patches/ReducibilityFull_PROVEN.v,743,coq,admit,archived,UNMAPPED
99_ARCHIVE/superseded_patches/ReducibilityFull_PROVEN.v,776,coq,admit,archived,UNMAPPED
