file,language,proof_count
02_FORMAL/coq/Industries/IndustryAerospace.v,coq,25
02_FORMAL/coq/Industries/IndustryAgriculture.v,coq,23
02_FORMAL/coq/Industries/IndustryEducation.v,coq,25
02_FORMAL/coq/Industries/IndustryEnergy.v,coq,23
02_FORMAL/coq/Industries/IndustryFinancial.v,coq,30
02_FORMAL/coq/Industries/IndustryGovernment.v,coq,23
02_FORMAL/coq/Industries/IndustryHealthcare.v,coq,29
02_FORMAL/coq/Industries/IndustryLegal.v,coq,28
02_FORMAL/coq/Industries/IndustryManufacturing.v,coq,24
02_FORMAL/coq/Industries/IndustryMedia.v,coq,23
02_FORMAL/coq/Industries/IndustryMilitary.v,coq,27
02_FORMAL/coq/Industries/IndustryRealEstate.v,coq,26
02_FORMAL/coq/Industries/IndustryRetail.v,coq,23
02_FORMAL/coq/Industries/IndustryTelecom.v,coq,24
02_FORMAL/coq/Industries/IndustryTransportation.v,coq,22
02_FORMAL/coq/compliance/DO178CCompliance.v,coq,21
02_FORMAL/coq/compliance/HIPAACompliance.v,coq,15
02_FORMAL/coq/compliance/PCIDSSCompliance.v,coq,37
02_FORMAL/coq/compliance/VerifiedCompliance.v,coq,35
02_FORMAL/coq/domains/AIMLSecurity.v,coq,42
02_FORMAL/coq/domains/ASEANCompliance.v,coq,29
02_FORMAL/coq/domains/AlgebraicEffects.v,coq,22
02_FORMAL/coq/domains/AnonymousComm.v,coq,25
02_FORMAL/coq/domains/AntiJamming.v,coq,25
02_FORMAL/coq/domains/AuthenticationProtocols.v,coq,102
02_FORMAL/coq/domains/AuthenticationSecurity.v,coq,20
02_FORMAL/coq/domains/BackendComposition.v,coq,21
02_FORMAL/coq/domains/BackendTraitVerification.v,coq,21
02_FORMAL/coq/domains/BinarySizeBounds.v,coq,20
02_FORMAL/coq/domains/BufferOverflowPrevention.v,coq,22
02_FORMAL/coq/domains/CSRFProtection.v,coq,36
02_FORMAL/coq/domains/CapabilitySecurity.v,coq,108
02_FORMAL/coq/domains/CapitalMarkets.v,coq,26
02_FORMAL/coq/domains/CertificationEvidence.v,coq,24
02_FORMAL/coq/domains/CommonCriteriaEAL7.v,coq,52
02_FORMAL/coq/domains/CompilerCorrectness.v,coq,86
02_FORMAL/coq/domains/ConstantTimeCrypto.v,coq,26
02_FORMAL/coq/domains/ContainerSecurity.v,coq,106
02_FORMAL/coq/domains/ControlFlowIntegrity.v,coq,21
02_FORMAL/coq/domains/CoreBanking.v,coq,31
02_FORMAL/coq/domains/CovertChannelElimination.v,coq,23
02_FORMAL/coq/domains/CovertChannels.v,coq,26
02_FORMAL/coq/domains/CrossBorderRemittance.v,coq,25
02_FORMAL/coq/domains/CrossLayerSecurity.v,coq,21
02_FORMAL/coq/domains/CryptographicSecurity.v,coq,76
02_FORMAL/coq/domains/DELTA001_VerifiedDistribution.v,coq,32
02_FORMAL/coq/domains/DO178CCompliance.v,coq,41
02_FORMAL/coq/domains/DataRaceFreedom.v,coq,35
02_FORMAL/coq/domains/DependentTypes.v,coq,33
02_FORMAL/coq/domains/DigitalWallet.v,coq,25
02_FORMAL/coq/domains/DistributedConsensus.v,coq,24
02_FORMAL/coq/domains/DistributedSecurity.v,coq,47
02_FORMAL/coq/domains/DualModeVerification.v,coq,22
02_FORMAL/coq/domains/ESGCompliance.v,coq,35
02_FORMAL/coq/domains/EnterpriseERP.v,coq,25
02_FORMAL/coq/domains/FFIAttackResearch.v,coq,20
02_FORMAL/coq/domains/FHESecurity.v,coq,94
02_FORMAL/coq/domains/FormalVerification.v,coq,36
02_FORMAL/coq/domains/FullstackSecurity.v,coq,25
02_FORMAL/coq/domains/FutureSecurity.v,coq,24
02_FORMAL/coq/domains/HIPAACompliance.v,coq,21
02_FORMAL/coq/domains/HardwareSecurity.v,coq,34
02_FORMAL/coq/domains/HealthcareIS.v,coq,30
02_FORMAL/coq/domains/HumanFactorSecurity.v,coq,54
02_FORMAL/coq/domains/HypervisorSecurity.v,coq,89
02_FORMAL/coq/domains/ISO26262Compliance.v,coq,36
02_FORMAL/coq/domains/InjectionPrevention.v,coq,26
02_FORMAL/coq/domains/IrisSeparationLogic.v,coq,21
02_FORMAL/coq/domains/KeyLifecycle.v,coq,25
02_FORMAL/coq/domains/LLMProofPipeline.v,coq,20
02_FORMAL/coq/domains/LinearTypes.v,coq,25
02_FORMAL/coq/domains/MLSafetyTypes.v,coq,24
02_FORMAL/coq/domains/MLTTFoundation.v,coq,25
02_FORMAL/coq/domains/MalaysiaBNMRMiT.v,coq,28
02_FORMAL/coq/domains/MalaysiaBursaGov.v,coq,23
02_FORMAL/coq/domains/MalaysiaCybersecurityAct.v,coq,28
02_FORMAL/coq/domains/MalaysiaDigitalSignature.v,coq,26
02_FORMAL/coq/domains/MalaysiaKKMHealthcare.v,coq,27
02_FORMAL/coq/domains/MalaysiaMAMPU.v,coq,27
02_FORMAL/coq/domains/MalaysiaMCMC.v,coq,20
02_FORMAL/coq/domains/MalaysiaPDPA.v,coq,41
02_FORMAL/coq/domains/MalaysiaSCGTRM.v,coq,24
02_FORMAL/coq/domains/MeltdownDefense.v,coq,30
02_FORMAL/coq/domains/MemorySafety.v,coq,139
02_FORMAL/coq/domains/MeshNetworking.v,coq,28
02_FORMAL/coq/domains/MetadataPrivacy.v,coq,25
02_FORMAL/coq/domains/Metaprogramming.v,coq,27
02_FORMAL/coq/domains/MobileBridgeVerification.v,coq,32
02_FORMAL/coq/domains/MobilePlatform.v,coq,25
02_FORMAL/coq/domains/ModuleSystems.v,coq,26
02_FORMAL/coq/domains/MultiProverValidation.v,coq,24
02_FORMAL/coq/domains/NetworkDefense.v,coq,43
02_FORMAL/coq/domains/NetworkSecurity.v,coq,26
02_FORMAL/coq/domains/OMEGA001_NetworkDefense.v,coq,30
02_FORMAL/coq/domains/OperationalSecurity.v,coq,25
02_FORMAL/coq/domains/OwnershipTypes.v,coq,20
02_FORMAL/coq/domains/PCIDSSCompliance.v,coq,37
02_FORMAL/coq/domains/PI001_VerifiedPerformance.v,coq,34
02_FORMAL/coq/domains/PSI001_OperationalSecurity.v,coq,39
02_FORMAL/coq/domains/PhysicalSecurity.v,coq,21
02_FORMAL/coq/domains/PhysicsSecurity.v,coq,26
02_FORMAL/coq/domains/PlatformStdlibVerification.v,coq,20
02_FORMAL/coq/domains/PostQuantumKEM.v,coq,26
02_FORMAL/coq/domains/PostQuantumSignatures.v,coq,26
02_FORMAL/coq/domains/ProbabilisticVerification.v,coq,20
02_FORMAL/coq/domains/QuantitativeDeclassification.v,coq,22
02_FORMAL/coq/domains/QuantumSafeTLS.v,coq,69
02_FORMAL/coq/domains/QuantumTypes.v,coq,29
02_FORMAL/coq/domains/ROPDefense.v,coq,89
02_FORMAL/coq/domains/RadiationHardening.v,coq,20
02_FORMAL/coq/domains/RefinementTypes.v,coq,24
02_FORMAL/coq/domains/S001_HardwareContracts.v,coq,30
02_FORMAL/coq/domains/SIGMA001_VerifiedStorage.v,coq,38
02_FORMAL/coq/domains/SIMDVerification.v,coq,22
02_FORMAL/coq/domains/SQLInjectionPrevention.v,coq,22
02_FORMAL/coq/domains/SecureBootVerification.v,coq,95
02_FORMAL/coq/domains/SecureUpdates.v,coq,25
02_FORMAL/coq/domains/SelfHealing.v,coq,25
02_FORMAL/coq/domains/SensorFusion.v,coq,25
02_FORMAL/coq/domains/SessionTypes.v,coq,45
02_FORMAL/coq/domains/SingaporeCyberTrustMark.v,coq,27
02_FORMAL/coq/domains/SingaporeCybersecurityAct.v,coq,26
02_FORMAL/coq/domains/SingaporeHealthInfo.v,coq,28
02_FORMAL/coq/domains/SingaporeMAS_TRM.v,coq,21
02_FORMAL/coq/domains/SingaporeMTCS.v,coq,32
02_FORMAL/coq/domains/SingaporePDPA.v,coq,67
02_FORMAL/coq/domains/SmartContractSecurity.v,coq,36
02_FORMAL/coq/domains/SpectreDefense.v,coq,21
02_FORMAL/coq/domains/SpeculativeExecution.v,coq,20
02_FORMAL/coq/domains/StandardLibrary.v,coq,45
02_FORMAL/coq/domains/SupplyChainSecurity.v,coq,37
02_FORMAL/coq/domains/T001_HermeticBuild.v,coq,28
02_FORMAL/coq/domains/TEEAttestation.v,coq,100
02_FORMAL/coq/domains/TestingQA.v,coq,29
02_FORMAL/coq/domains/TimeSecurity.v,coq,25
02_FORMAL/coq/domains/TimingSecurity.v,coq,67
02_FORMAL/coq/domains/ToolingIDE.v,coq,21
02_FORMAL/coq/domains/TotalStackFoundation.v,coq,51
02_FORMAL/coq/domains/TrafficResistance.v,coq,25
02_FORMAL/coq/domains/TranslationValidation.v,coq,22
02_FORMAL/coq/domains/U001_RuntimeGuardian.v,coq,36
02_FORMAL/coq/domains/V001_TerminationGuarantees.v,coq,33
02_FORMAL/coq/domains/VerifiedAIML.v,coq,25
02_FORMAL/coq/domains/VerifiedAudit.v,coq,25
02_FORMAL/coq/domains/VerifiedAutonomy.v,coq,25
02_FORMAL/coq/domains/VerifiedCompliance.v,coq,35
02_FORMAL/coq/domains/VerifiedFileSystem.v,coq,109
02_FORMAL/coq/domains/VerifiedHardware.v,coq,47
02_FORMAL/coq/domains/VerifiedIdentity.v,coq,40
02_FORMAL/coq/domains/VerifiedInfra.v,coq,26
02_FORMAL/coq/domains/VerifiedIsolation.v,coq,35
02_FORMAL/coq/domains/VerifiedMicrokernel.v,coq,25
02_FORMAL/coq/domains/VerifiedNetwork.v,coq,25
02_FORMAL/coq/domains/VerifiedNetworkStack.v,coq,140
02_FORMAL/coq/domains/VerifiedProtocols.v,coq,37
02_FORMAL/coq/domains/VerifiedRuntime.v,coq,23
02_FORMAL/coq/domains/VerifiedUI.v,coq,68
02_FORMAL/coq/domains/W001_VerifiedMemory.v,coq,41
02_FORMAL/coq/domains/WCETBounds.v,coq,39
02_FORMAL/coq/domains/WCETTypes.v,coq,22
02_FORMAL/coq/domains/WasmBackendVerification.v,coq,43
02_FORMAL/coq/domains/WebSecurity.v,coq,25
02_FORMAL/coq/domains/X001_ConcurrencyModel.v,coq,40
02_FORMAL/coq/domains/XSSPrevention.v,coq,170
02_FORMAL/coq/domains/Y001_VerifiedStdlib.v,coq,41
02_FORMAL/coq/domains/Z001_DeclassificationPolicy.v,coq,36
02_FORMAL/coq/domains/ZKSNARKSecurity.v,coq,98
02_FORMAL/coq/domains/ZKSTARKSecurity.v,coq,107
02_FORMAL/coq/domains/mobile_os/AnimationSystem.v,coq,22
02_FORMAL/coq/domains/mobile_os/AppDistribution.v,coq,27
02_FORMAL/coq/domains/mobile_os/ApplicationLifecycle.v,coq,22
02_FORMAL/coq/domains/mobile_os/BiometricSystem.v,coq,20
02_FORMAL/coq/domains/mobile_os/CameraAudioSystem.v,coq,21
02_FORMAL/coq/domains/mobile_os/CellularStack.v,coq,24
02_FORMAL/coq/domains/mobile_os/ComputerVision.v,coq,25
02_FORMAL/coq/domains/mobile_os/ConcurrencyFramework.v,coq,21
02_FORMAL/coq/domains/mobile_os/DataPersistence.v,coq,20
02_FORMAL/coq/domains/mobile_os/EncryptionSystem.v,coq,22
02_FORMAL/coq/domains/mobile_os/FileSystem.v,coq,20
02_FORMAL/coq/domains/mobile_os/GraphicsEngine.v,coq,21
02_FORMAL/coq/domains/mobile_os/LocationServices.v,coq,23
02_FORMAL/coq/domains/mobile_os/MemoryManagement.v,coq,21
02_FORMAL/coq/domains/mobile_os/MultiDeviceContinuity.v,coq,25
02_FORMAL/coq/domains/mobile_os/NetworkSecurity.v,coq,20
02_FORMAL/coq/domains/mobile_os/NetworkingStack.v,coq,21
02_FORMAL/coq/domains/mobile_os/NotificationSystem.v,coq,22
02_FORMAL/coq/domains/mobile_os/OnDeviceML.v,coq,25
02_FORMAL/coq/domains/mobile_os/PowerManagement.v,coq,21
02_FORMAL/coq/domains/mobile_os/SystemApps.v,coq,24
02_FORMAL/coq/domains/mobile_os/SystemArchitecture.v,coq,22
02_FORMAL/coq/domains/mobile_os/TouchGestureSystem.v,coq,21
02_FORMAL/coq/domains/mobile_os/TrackingPrevention.v,coq,25
02_FORMAL/coq/domains/mobile_os/UIComponents.v,coq,26
02_FORMAL/coq/domains/mobile_os/VoiceAssistant.v,coq,24
02_FORMAL/coq/domains/mobile_os/WirelessProtocols.v,coq,25
02_FORMAL/coq/domains/security_foundation/BootVerification.v,coq,22
02_FORMAL/coq/domains/security_foundation/DisplayDriver.v,coq,23
02_FORMAL/coq/domains/security_foundation/GarbageCollector.v,coq,20
02_FORMAL/coq/domains/security_foundation/HardwareRootOfTrust.v,coq,21
02_FORMAL/coq/domains/security_foundation/IOMMUProtection.v,coq,22
02_FORMAL/coq/domains/security_foundation/InterruptVirtualization.v,coq,21
02_FORMAL/coq/domains/security_foundation/MemoryVirtualization.v,coq,21
02_FORMAL/coq/domains/security_foundation/NetworkDriver.v,coq,21
02_FORMAL/coq/domains/security_foundation/RollbackProtection.v,coq,21
02_FORMAL/coq/domains/security_foundation/SensorDrivers.v,coq,22
02_FORMAL/coq/domains/security_foundation/VerifiedCrypto.v,coq,21
02_FORMAL/coq/domains/uiux/AnimationEngine.v,coq,26
02_FORMAL/coq/domains/uiux/CognitiveAccessibility.v,coq,57
02_FORMAL/coq/domains/uiux/GestureSystem.v,coq,23
02_FORMAL/coq/domains/uiux/MotorAccessibility.v,coq,45
02_FORMAL/coq/domains/uiux/ScrollPhysics.v,coq,22
02_FORMAL/coq/domains/uiux/Transitions.v,coq,30
02_FORMAL/coq/domains/uiux/VisualAccessibility.v,coq,42
02_FORMAL/coq/effects/EffectAlgebra.v,coq,9
02_FORMAL/coq/effects/EffectGate.v,coq,23
02_FORMAL/coq/effects/EffectSystem.v,coq,6
02_FORMAL/coq/foundations/Semantics.v,coq,13
02_FORMAL/coq/foundations/Syntax.v,coq,5
02_FORMAL/coq/foundations/Typing.v,coq,12
02_FORMAL/coq/properties/AhmedStyleTest.v,coq,7
02_FORMAL/coq/properties/ClosedValueLemmas.v,coq,11
02_FORMAL/coq/properties/Composition.v,coq,6
02_FORMAL/coq/properties/CumulativeMonotone.v,coq,5
02_FORMAL/coq/properties/CumulativeRelation.v,coq,15
02_FORMAL/coq/properties/Declassification.v,coq,8
02_FORMAL/coq/properties/FirstOrderComplete.v,coq,7
02_FORMAL/coq/properties/KripkeProperties.v,coq,25
02_FORMAL/coq/properties/LexOrder.v,coq,16
02_FORMAL/coq/properties/MaximumAxiomElimination.v,coq,54
02_FORMAL/coq/properties/NonInterference_v2.v,coq,47
02_FORMAL/coq/properties/NonInterference_v2_LogicalRelation.v,coq,150
02_FORMAL/coq/properties/NonInterference_v2_Monotone.v,coq,5
02_FORMAL/coq/properties/ReferenceOps.v,coq,15
02_FORMAL/coq/properties/SN_Closure.v,coq,46
02_FORMAL/coq/properties/SecurityProperties.v,coq,1
02_FORMAL/coq/properties/StoreRelation.v,coq,25
02_FORMAL/coq/properties/StoreWfLemmas.v,coq,4
02_FORMAL/coq/properties/SubstitutionCommute.v,coq,11
02_FORMAL/coq/properties/TypeMeasure.v,coq,29
02_FORMAL/coq/properties/ValRelMonotone.v,coq,8
02_FORMAL/coq/properties/ValRelStepLimit_PROOF.v,coq,7
02_FORMAL/coq/properties/_archive_deprecated/ApplicationComplete.v,coq,12
02_FORMAL/coq/properties/_archive_deprecated/AxiomEliminationVerified.v,coq,17
02_FORMAL/coq/properties/_archive_deprecated/EvalDeterminism.v,coq,18
02_FORMAL/coq/properties/_archive_deprecated/FundamentalTheorem.v,coq,32
02_FORMAL/coq/properties/_archive_deprecated/KripkeMutual.v,coq,10
02_FORMAL/coq/properties/_archive_deprecated/LogicalRelationAssign_PROOF.v,coq,5
02_FORMAL/coq/properties/_archive_deprecated/LogicalRelationAssign_PROOF_FIXED.v,coq,13
02_FORMAL/coq/properties/_archive_deprecated/LogicalRelationDeclassify_INTEGRATION.v,coq,6
02_FORMAL/coq/properties/_archive_deprecated/LogicalRelationDeclassify_PROOF.v,coq,8
02_FORMAL/coq/properties/_archive_deprecated/LogicalRelationDeclassify_PROOF_REFINED.v,coq,2
02_FORMAL/coq/properties/_archive_deprecated/LogicalRelationDeclassify_v2.v,coq,7
02_FORMAL/coq/properties/_archive_deprecated/LogicalRelationDeref_PROOF_FINAL.v,coq,13
02_FORMAL/coq/properties/_archive_deprecated/LogicalRelationRef_PROOF.v,coq,12
02_FORMAL/coq/properties/_archive_deprecated/MasterTheorem.v,coq,74
02_FORMAL/coq/properties/_archive_deprecated/MultiStepInversion.v,coq,24
02_FORMAL/coq/properties/_archive_deprecated/NonInterferenceKripke.v,coq,5
02_FORMAL/coq/properties/_archive_deprecated/NonInterferenceLegacy.v,coq,126
02_FORMAL/coq/properties/_archive_deprecated/NonInterferenceZero.v,coq,8
02_FORMAL/coq/properties/_archive_deprecated/NonInterference_v2_DEFINITIVE_PATCH.v,coq,10
02_FORMAL/coq/properties/_archive_deprecated/NonInterference_v3.v,coq,9
02_FORMAL/coq/properties/_archive_deprecated/Phase3_Infrastructure_Helpers_FINAL.v,coq,7
02_FORMAL/coq/properties/_archive_deprecated/ProofInfrastructure.v,coq,30
02_FORMAL/coq/properties/_archive_deprecated/ReducibilityFull_FINAL.v,coq,35
02_FORMAL/coq/properties/_archive_deprecated/RelationBridge.v,coq,7
02_FORMAL/coq/properties/_archive_deprecated/SN_Core_v3.v,coq,27
02_FORMAL/coq/properties/_archive_deprecated/StepUpFromSN.v,coq,6
02_FORMAL/coq/properties/_archive_deprecated/StepUpFromSN_v2.v,coq,5
02_FORMAL/coq/properties/_archive_deprecated/StrongNormalization_v2.v,coq,19
02_FORMAL/coq/properties/_archive_deprecated/TypedConversion.v,coq,28
02_FORMAL/coq/properties/_archive_deprecated/TypingLemmas.v,coq,36
02_FORMAL/coq/properties/_archive_deprecated/ValRelFOEquiv.v,coq,4
02_FORMAL/coq/properties/_archive_deprecated/ValRelFOEquiv_v2.v,coq,6
02_FORMAL/coq/properties/_archive_deprecated/store_rel_weaken_dropin.v,coq,2
02_FORMAL/coq/properties/_archive_deprecated/store_rel_weaken_proof.v,coq,9
02_FORMAL/coq/termination/Reducibility.v,coq,9
02_FORMAL/coq/termination/ReducibilityFull.v,coq,40
02_FORMAL/coq/termination/SizedTypes.v,coq,16
02_FORMAL/coq/termination/StrongNorm.v,coq,8
02_FORMAL/coq/termination/TerminationLemmas.v,coq,7
02_FORMAL/coq/type_system/Preservation.v,coq,19
02_FORMAL/coq/type_system/Progress.v,coq,9
02_FORMAL/coq/type_system/TypeSafety.v,coq,2
02_FORMAL/lean/RIINA/Compliance/DO178CCompliance.lean,lean,22
02_FORMAL/lean/RIINA/Compliance/HIPAACompliance.lean,lean,15
02_FORMAL/lean/RIINA/Compliance/PCIDSSCompliance.lean,lean,38
02_FORMAL/lean/RIINA/Compliance/VerifiedCompliance.lean,lean,35
02_FORMAL/lean/RIINA/Domains/AIMLSecurity.lean,lean,42
02_FORMAL/lean/RIINA/Domains/ASEANCompliance.lean,lean,29
02_FORMAL/lean/RIINA/Domains/AlgebraicEffects.lean,lean,22
02_FORMAL/lean/RIINA/Domains/AnonymousComm.lean,lean,25
02_FORMAL/lean/RIINA/Domains/AntiJamming.lean,lean,25
02_FORMAL/lean/RIINA/Domains/AuthenticationProtocols.lean,lean,103
02_FORMAL/lean/RIINA/Domains/AuthenticationSecurity.lean,lean,20
02_FORMAL/lean/RIINA/Domains/BackendComposition.lean,lean,21
02_FORMAL/lean/RIINA/Domains/BackendTraitVerification.lean,lean,21
02_FORMAL/lean/RIINA/Domains/BinarySizeBounds.lean,lean,20
02_FORMAL/lean/RIINA/Domains/BufferOverflowPrevention.lean,lean,23
02_FORMAL/lean/RIINA/Domains/CSRFProtection.lean,lean,37
02_FORMAL/lean/RIINA/Domains/CapabilitySecurity.lean,lean,109
02_FORMAL/lean/RIINA/Domains/CapitalMarkets.lean,lean,27
02_FORMAL/lean/RIINA/Domains/CertificationEvidence.lean,lean,25
02_FORMAL/lean/RIINA/Domains/CommonCriteriaEAL7.lean,lean,53
02_FORMAL/lean/RIINA/Domains/CompilerCorrectness.lean,lean,79
02_FORMAL/lean/RIINA/Domains/ConstantTimeCrypto.lean,lean,27
02_FORMAL/lean/RIINA/Domains/ContainerSecurity.lean,lean,106
02_FORMAL/lean/RIINA/Domains/ControlFlowIntegrity.lean,lean,21
02_FORMAL/lean/RIINA/Domains/CoreBanking.lean,lean,31
02_FORMAL/lean/RIINA/Domains/CovertChannelElimination.lean,lean,23
02_FORMAL/lean/RIINA/Domains/CovertChannels.lean,lean,26
02_FORMAL/lean/RIINA/Domains/CrossBorderRemittance.lean,lean,25
02_FORMAL/lean/RIINA/Domains/CrossLayerSecurity.lean,lean,21
02_FORMAL/lean/RIINA/Domains/CryptographicSecurity.lean,lean,77
02_FORMAL/lean/RIINA/Domains/DELTA001_VerifiedDistribution.lean,lean,32
02_FORMAL/lean/RIINA/Domains/DO178CCompliance.lean,lean,42
02_FORMAL/lean/RIINA/Domains/DataRaceFreedom.lean,lean,36
02_FORMAL/lean/RIINA/Domains/DependentTypes.lean,lean,33
02_FORMAL/lean/RIINA/Domains/DigitalWallet.lean,lean,25
02_FORMAL/lean/RIINA/Domains/DistributedConsensus.lean,lean,24
02_FORMAL/lean/RIINA/Domains/DistributedSecurity.lean,lean,48
02_FORMAL/lean/RIINA/Domains/DualModeVerification.lean,lean,23
02_FORMAL/lean/RIINA/Domains/ESGCompliance.lean,lean,35
02_FORMAL/lean/RIINA/Domains/EnterpriseERP.lean,lean,25
02_FORMAL/lean/RIINA/Domains/FFIAttackResearch.lean,lean,21
02_FORMAL/lean/RIINA/Domains/FHESecurity.lean,lean,95
02_FORMAL/lean/RIINA/Domains/FormalVerification.lean,lean,36
02_FORMAL/lean/RIINA/Domains/FullstackSecurity.lean,lean,25
02_FORMAL/lean/RIINA/Domains/FutureSecurity.lean,lean,24
02_FORMAL/lean/RIINA/Domains/HIPAACompliance.lean,lean,21
02_FORMAL/lean/RIINA/Domains/HardwareSecurity.lean,lean,34
02_FORMAL/lean/RIINA/Domains/HealthcareIS.lean,lean,30
02_FORMAL/lean/RIINA/Domains/HumanFactorSecurity.lean,lean,54
02_FORMAL/lean/RIINA/Domains/HypervisorSecurity.lean,lean,90
02_FORMAL/lean/RIINA/Domains/ISO26262Compliance.lean,lean,37
02_FORMAL/lean/RIINA/Domains/InjectionPrevention.lean,lean,26
02_FORMAL/lean/RIINA/Domains/IrisSeparationLogic.lean,lean,21
02_FORMAL/lean/RIINA/Domains/KeyLifecycle.lean,lean,25
02_FORMAL/lean/RIINA/Domains/LLMProofPipeline.lean,lean,21
02_FORMAL/lean/RIINA/Domains/LinearTypes.lean,lean,25
02_FORMAL/lean/RIINA/Domains/MLSafetyTypes.lean,lean,25
02_FORMAL/lean/RIINA/Domains/MLTTFoundation.lean,lean,25
02_FORMAL/lean/RIINA/Domains/MalaysiaBNMRMiT.lean,lean,28
02_FORMAL/lean/RIINA/Domains/MalaysiaBursaGov.lean,lean,23
02_FORMAL/lean/RIINA/Domains/MalaysiaCybersecurityAct.lean,lean,28
02_FORMAL/lean/RIINA/Domains/MalaysiaDigitalSignature.lean,lean,26
02_FORMAL/lean/RIINA/Domains/MalaysiaKKMHealthcare.lean,lean,27
02_FORMAL/lean/RIINA/Domains/MalaysiaMAMPU.lean,lean,27
02_FORMAL/lean/RIINA/Domains/MalaysiaMCMC.lean,lean,20
02_FORMAL/lean/RIINA/Domains/MalaysiaPDPA.lean,lean,41
02_FORMAL/lean/RIINA/Domains/MalaysiaSCGTRM.lean,lean,24
02_FORMAL/lean/RIINA/Domains/MeltdownDefense.lean,lean,31
02_FORMAL/lean/RIINA/Domains/MemorySafety.lean,lean,140
02_FORMAL/lean/RIINA/Domains/MeshNetworking.lean,lean,28
02_FORMAL/lean/RIINA/Domains/MetadataPrivacy.lean,lean,25
02_FORMAL/lean/RIINA/Domains/Metaprogramming.lean,lean,27
02_FORMAL/lean/RIINA/Domains/MobileBridgeVerification.lean,lean,32
02_FORMAL/lean/RIINA/Domains/MobileOS/AnimationSystem.lean,lean,22
02_FORMAL/lean/RIINA/Domains/MobileOS/AppDistribution.lean,lean,27
02_FORMAL/lean/RIINA/Domains/MobileOS/ApplicationLifecycle.lean,lean,22
02_FORMAL/lean/RIINA/Domains/MobileOS/BiometricSystem.lean,lean,20
02_FORMAL/lean/RIINA/Domains/MobileOS/CameraAudioSystem.lean,lean,21
02_FORMAL/lean/RIINA/Domains/MobileOS/CellularStack.lean,lean,24
02_FORMAL/lean/RIINA/Domains/MobileOS/ComputerVision.lean,lean,25
02_FORMAL/lean/RIINA/Domains/MobileOS/ConcurrencyFramework.lean,lean,21
02_FORMAL/lean/RIINA/Domains/MobileOS/DataPersistence.lean,lean,20
02_FORMAL/lean/RIINA/Domains/MobileOS/EncryptionSystem.lean,lean,22
02_FORMAL/lean/RIINA/Domains/MobileOS/FileSystem.lean,lean,20
02_FORMAL/lean/RIINA/Domains/MobileOS/GraphicsEngine.lean,lean,21
02_FORMAL/lean/RIINA/Domains/MobileOS/LocationServices.lean,lean,22
02_FORMAL/lean/RIINA/Domains/MobileOS/MemoryManagement.lean,lean,21
02_FORMAL/lean/RIINA/Domains/MobileOS/MultiDeviceContinuity.lean,lean,25
02_FORMAL/lean/RIINA/Domains/MobileOS/NetworkSecurity.lean,lean,20
02_FORMAL/lean/RIINA/Domains/MobileOS/NetworkingStack.lean,lean,21
02_FORMAL/lean/RIINA/Domains/MobileOS/NotificationSystem.lean,lean,22
02_FORMAL/lean/RIINA/Domains/MobileOS/OnDeviceML.lean,lean,25
02_FORMAL/lean/RIINA/Domains/MobileOS/PowerManagement.lean,lean,21
02_FORMAL/lean/RIINA/Domains/MobileOS/SystemApps.lean,lean,24
02_FORMAL/lean/RIINA/Domains/MobileOS/SystemArchitecture.lean,lean,22
02_FORMAL/lean/RIINA/Domains/MobileOS/TouchGestureSystem.lean,lean,22
02_FORMAL/lean/RIINA/Domains/MobileOS/TrackingPrevention.lean,lean,26
02_FORMAL/lean/RIINA/Domains/MobileOS/UIComponents.lean,lean,26
02_FORMAL/lean/RIINA/Domains/MobileOS/VoiceAssistant.lean,lean,24
02_FORMAL/lean/RIINA/Domains/MobileOS/WirelessProtocols.lean,lean,25
02_FORMAL/lean/RIINA/Domains/MobilePlatform.lean,lean,25
02_FORMAL/lean/RIINA/Domains/ModuleSystems.lean,lean,27
02_FORMAL/lean/RIINA/Domains/MultiProverValidation.lean,lean,25
02_FORMAL/lean/RIINA/Domains/NetworkDefense.lean,lean,43
02_FORMAL/lean/RIINA/Domains/NetworkSecurity.lean,lean,26
02_FORMAL/lean/RIINA/Domains/OMEGA001_NetworkDefense.lean,lean,30
02_FORMAL/lean/RIINA/Domains/OperationalSecurity.lean,lean,25
02_FORMAL/lean/RIINA/Domains/OwnershipTypes.lean,lean,21
02_FORMAL/lean/RIINA/Domains/PCIDSSCompliance.lean,lean,38
02_FORMAL/lean/RIINA/Domains/PI001_VerifiedPerformance.lean,lean,34
02_FORMAL/lean/RIINA/Domains/PSI001_OperationalSecurity.lean,lean,40
02_FORMAL/lean/RIINA/Domains/PhysicalSecurity.lean,lean,21
02_FORMAL/lean/RIINA/Domains/PhysicsSecurity.lean,lean,27
02_FORMAL/lean/RIINA/Domains/PlatformStdlibVerification.lean,lean,20
02_FORMAL/lean/RIINA/Domains/PostQuantumKEM.lean,lean,27
02_FORMAL/lean/RIINA/Domains/PostQuantumSignatures.lean,lean,27
02_FORMAL/lean/RIINA/Domains/ProbabilisticVerification.lean,lean,20
02_FORMAL/lean/RIINA/Domains/QuantitativeDeclassification.lean,lean,22
02_FORMAL/lean/RIINA/Domains/QuantumSafeTLS.lean,lean,70
02_FORMAL/lean/RIINA/Domains/QuantumTypes.lean,lean,29
02_FORMAL/lean/RIINA/Domains/ROPDefense.lean,lean,90
02_FORMAL/lean/RIINA/Domains/RadiationHardening.lean,lean,20
02_FORMAL/lean/RIINA/Domains/RefinementTypes.lean,lean,24
02_FORMAL/lean/RIINA/Domains/S001_HardwareContracts.lean,lean,30
02_FORMAL/lean/RIINA/Domains/SIGMA001_VerifiedStorage.lean,lean,38
02_FORMAL/lean/RIINA/Domains/SIMDVerification.lean,lean,22
02_FORMAL/lean/RIINA/Domains/SQLInjectionPrevention.lean,lean,23
02_FORMAL/lean/RIINA/Domains/SecureBootVerification.lean,lean,96
02_FORMAL/lean/RIINA/Domains/SecureUpdates.lean,lean,25
02_FORMAL/lean/RIINA/Domains/SecurityFoundation/BootVerification.lean,lean,22
02_FORMAL/lean/RIINA/Domains/SecurityFoundation/DisplayDriver.lean,lean,23
02_FORMAL/lean/RIINA/Domains/SecurityFoundation/GarbageCollector.lean,lean,20
02_FORMAL/lean/RIINA/Domains/SecurityFoundation/HardwareRootOfTrust.lean,lean,21
02_FORMAL/lean/RIINA/Domains/SecurityFoundation/IOMMUProtection.lean,lean,22
02_FORMAL/lean/RIINA/Domains/SecurityFoundation/InterruptVirtualization.lean,lean,21
02_FORMAL/lean/RIINA/Domains/SecurityFoundation/MemoryVirtualization.lean,lean,21
02_FORMAL/lean/RIINA/Domains/SecurityFoundation/NetworkDriver.lean,lean,21
02_FORMAL/lean/RIINA/Domains/SecurityFoundation/RollbackProtection.lean,lean,21
02_FORMAL/lean/RIINA/Domains/SecurityFoundation/SensorDrivers.lean,lean,22
02_FORMAL/lean/RIINA/Domains/SecurityFoundation/VerifiedCrypto.lean,lean,21
02_FORMAL/lean/RIINA/Domains/SelfHealing.lean,lean,25
02_FORMAL/lean/RIINA/Domains/SensorFusion.lean,lean,25
02_FORMAL/lean/RIINA/Domains/SessionTypes.lean,lean,45
02_FORMAL/lean/RIINA/Domains/SingaporeCyberTrustMark.lean,lean,27
02_FORMAL/lean/RIINA/Domains/SingaporeCybersecurityAct.lean,lean,26
02_FORMAL/lean/RIINA/Domains/SingaporeHealthInfo.lean,lean,28
02_FORMAL/lean/RIINA/Domains/SingaporeMAS_TRM.lean,lean,21
02_FORMAL/lean/RIINA/Domains/SingaporeMTCS.lean,lean,32
02_FORMAL/lean/RIINA/Domains/SingaporePDPA.lean,lean,67
02_FORMAL/lean/RIINA/Domains/SmartContractSecurity.lean,lean,37
02_FORMAL/lean/RIINA/Domains/SpectreDefense.lean,lean,22
02_FORMAL/lean/RIINA/Domains/SpeculativeExecution.lean,lean,21
02_FORMAL/lean/RIINA/Domains/StandardLibrary.lean,lean,45
02_FORMAL/lean/RIINA/Domains/SupplyChainSecurity.lean,lean,38
02_FORMAL/lean/RIINA/Domains/T001_HermeticBuild.lean,lean,28
02_FORMAL/lean/RIINA/Domains/TEEAttestation.lean,lean,101
02_FORMAL/lean/RIINA/Domains/TestingQA.lean,lean,30
02_FORMAL/lean/RIINA/Domains/TimeSecurity.lean,lean,25
02_FORMAL/lean/RIINA/Domains/TimingSecurity.lean,lean,68
02_FORMAL/lean/RIINA/Domains/ToolingIDE.lean,lean,21
02_FORMAL/lean/RIINA/Domains/TotalStackFoundation.lean,lean,52
02_FORMAL/lean/RIINA/Domains/TrafficResistance.lean,lean,25
02_FORMAL/lean/RIINA/Domains/TranslationValidation.lean,lean,22
02_FORMAL/lean/RIINA/Domains/U001_RuntimeGuardian.lean,lean,36
02_FORMAL/lean/RIINA/Domains/UIUX/AnimationEngine.lean,lean,26
02_FORMAL/lean/RIINA/Domains/UIUX/CognitiveAccessibility.lean,lean,48
02_FORMAL/lean/RIINA/Domains/UIUX/GestureSystem.lean,lean,23
02_FORMAL/lean/RIINA/Domains/UIUX/MotorAccessibility.lean,lean,45
02_FORMAL/lean/RIINA/Domains/UIUX/ScrollPhysics.lean,lean,22
02_FORMAL/lean/RIINA/Domains/UIUX/Transitions.lean,lean,30
02_FORMAL/lean/RIINA/Domains/UIUX/VisualAccessibility.lean,lean,42
02_FORMAL/lean/RIINA/Domains/V001_TerminationGuarantees.lean,lean,32
02_FORMAL/lean/RIINA/Domains/VerifiedAIML.lean,lean,25
02_FORMAL/lean/RIINA/Domains/VerifiedAudit.lean,lean,25
02_FORMAL/lean/RIINA/Domains/VerifiedAutonomy.lean,lean,25
02_FORMAL/lean/RIINA/Domains/VerifiedCompliance.lean,lean,35
02_FORMAL/lean/RIINA/Domains/VerifiedFileSystem.lean,lean,110
02_FORMAL/lean/RIINA/Domains/VerifiedHardware.lean,lean,47
02_FORMAL/lean/RIINA/Domains/VerifiedIdentity.lean,lean,40
02_FORMAL/lean/RIINA/Domains/VerifiedInfra.lean,lean,26
02_FORMAL/lean/RIINA/Domains/VerifiedIsolation.lean,lean,35
02_FORMAL/lean/RIINA/Domains/VerifiedMicrokernel.lean,lean,25
02_FORMAL/lean/RIINA/Domains/VerifiedNetwork.lean,lean,25
02_FORMAL/lean/RIINA/Domains/VerifiedNetworkStack.lean,lean,139
02_FORMAL/lean/RIINA/Domains/VerifiedProtocols.lean,lean,37
02_FORMAL/lean/RIINA/Domains/VerifiedRuntime.lean,lean,24
02_FORMAL/lean/RIINA/Domains/VerifiedUI.lean,lean,68
02_FORMAL/lean/RIINA/Domains/W001_VerifiedMemory.lean,lean,40
02_FORMAL/lean/RIINA/Domains/WCETBounds.lean,lean,39
02_FORMAL/lean/RIINA/Domains/WCETTypes.lean,lean,22
02_FORMAL/lean/RIINA/Domains/WasmBackendVerification.lean,lean,43
02_FORMAL/lean/RIINA/Domains/WebSecurity.lean,lean,25
02_FORMAL/lean/RIINA/Domains/X001_ConcurrencyModel.lean,lean,39
02_FORMAL/lean/RIINA/Domains/XSSPrevention.lean,lean,171
02_FORMAL/lean/RIINA/Domains/Y001_VerifiedStdlib.lean,lean,41
02_FORMAL/lean/RIINA/Domains/Z001_DeclassificationPolicy.lean,lean,36
02_FORMAL/lean/RIINA/Domains/ZKSNARKSecurity.lean,lean,99
02_FORMAL/lean/RIINA/Domains/ZKSTARKSecurity.lean,lean,108
02_FORMAL/lean/RIINA/Effects/EffectAlgebra.lean,lean,9
02_FORMAL/lean/RIINA/Effects/EffectGate.lean,lean,1
02_FORMAL/lean/RIINA/Effects/EffectSystem.lean,lean,6
02_FORMAL/lean/RIINA/Foundations/Semantics.lean,lean,15
02_FORMAL/lean/RIINA/Foundations/Syntax.lean,lean,2
02_FORMAL/lean/RIINA/Foundations/Typing.lean,lean,12
02_FORMAL/lean/RIINA/Industries/IndustryAerospace.lean,lean,26
02_FORMAL/lean/RIINA/Industries/IndustryAgriculture.lean,lean,24
02_FORMAL/lean/RIINA/Industries/IndustryEducation.lean,lean,26
02_FORMAL/lean/RIINA/Industries/IndustryEnergy.lean,lean,24
02_FORMAL/lean/RIINA/Industries/IndustryFinancial.lean,lean,31
02_FORMAL/lean/RIINA/Industries/IndustryGovernment.lean,lean,24
02_FORMAL/lean/RIINA/Industries/IndustryHealthcare.lean,lean,30
02_FORMAL/lean/RIINA/Industries/IndustryLegal.lean,lean,29
02_FORMAL/lean/RIINA/Industries/IndustryManufacturing.lean,lean,25
02_FORMAL/lean/RIINA/Industries/IndustryMedia.lean,lean,24
02_FORMAL/lean/RIINA/Industries/IndustryMilitary.lean,lean,27
02_FORMAL/lean/RIINA/Industries/IndustryRealEstate.lean,lean,27
02_FORMAL/lean/RIINA/Industries/IndustryRetail.lean,lean,24
02_FORMAL/lean/RIINA/Industries/IndustryTelecom.lean,lean,25
02_FORMAL/lean/RIINA/Industries/IndustryTransportation.lean,lean,23
02_FORMAL/lean/RIINA/Properties/ClosedValueLemmas.lean,lean,11
02_FORMAL/lean/RIINA/Properties/Composition.lean,lean,6
02_FORMAL/lean/RIINA/Properties/CumulativeMonotone.lean,lean,5
02_FORMAL/lean/RIINA/Properties/CumulativeRelation.lean,lean,15
02_FORMAL/lean/RIINA/Properties/Declassification.lean,lean,8
02_FORMAL/lean/RIINA/Properties/FirstOrderComplete.lean,lean,8
02_FORMAL/lean/RIINA/Properties/KripkeProperties.lean,lean,25
02_FORMAL/lean/RIINA/Properties/LexOrder.lean,lean,16
02_FORMAL/lean/RIINA/Properties/MaximumAxiomElimination.lean,lean,53
02_FORMAL/lean/RIINA/Properties/NonInterference.lean,lean,18
02_FORMAL/lean/RIINA/Properties/NonInterference_v2.lean,lean,51
02_FORMAL/lean/RIINA/Properties/NonInterference_v2_LogicalRelation.lean,lean,148
02_FORMAL/lean/RIINA/Properties/NonInterference_v2_Monotone.lean,lean,5
02_FORMAL/lean/RIINA/Properties/ReferenceOps.lean,lean,15
02_FORMAL/lean/RIINA/Properties/SN_Closure.lean,lean,46
02_FORMAL/lean/RIINA/Properties/SecurityProperties.lean,lean,1
02_FORMAL/lean/RIINA/Properties/StoreRelation.lean,lean,25
02_FORMAL/lean/RIINA/Properties/StoreWfLemmas.lean,lean,4
02_FORMAL/lean/RIINA/Properties/SubstitutionCommute.lean,lean,11
02_FORMAL/lean/RIINA/Properties/TypeMeasure.lean,lean,30
02_FORMAL/lean/RIINA/Properties/ValRelMonotone.lean,lean,7
02_FORMAL/lean/RIINA/Properties/ValRelStepLimit_PROOF.lean,lean,7
02_FORMAL/lean/RIINA/Termination/Reducibility.lean,lean,9
02_FORMAL/lean/RIINA/Termination/ReducibilityFull.lean,lean,40
02_FORMAL/lean/RIINA/Termination/SizedTypes.lean,lean,16
02_FORMAL/lean/RIINA/Termination/StrongNorm.lean,lean,8
02_FORMAL/lean/RIINA/Termination/TerminationLemmas.lean,lean,7
02_FORMAL/lean/RIINA/TypeSystem/Preservation.lean,lean,19
02_FORMAL/lean/RIINA/TypeSystem/Progress.lean,lean,9
02_FORMAL/lean/RIINA/TypeSystem/TypeSafety.lean,lean,2
02_FORMAL/lean/RIINA/TypeSystem/Typing.lean,lean,10
06_COORDINATION/archive/RIINA_exp_rel_step1_case_PROOF.v,coq,3
06_COORDINATION/archive/RIINA_extraction_lemmas_tasks_3_5.v,coq,9
06_COORDINATION/archive/RIINA_reference_operations_PROOF.v,coq,8
06_COORDINATION/archive/ReducibilityFull.v,coq,26
06_COORDINATION/archive/axiom_proofs_refined.v,coq,11
06_COORDINATION/archive/session38_work/FundamentalTheorem.v,coq,32
06_COORDINATION/archive/session38_work/NonInterference_v2_fixed.v,coq,35
06_COORDINATION/archive/session38_work/StoreTypingLemmas.v,coq,14
06_COORDINATION/archive/session38_work/StoreWFPreservation.v,coq,11
06_COORDINATION/archive/val_rel_le_fo_step_independent_PROOF.v,coq,50
06_COORDINATION/archive/val_rel_n_step_up_fo.v,coq,9
06_COORDINATION/claude_ai_web_output/combined_step_up_corrected.v,coq,11
06_COORDINATION/claude_ai_web_output_v3/NonInterference_Aux.v,coq,16
06_COORDINATION/claude_ai_web_output_v3/admit_replacements_v2.v,coq,6
06_COORDINATION/delegation_prompts/Output/01_MLTTFoundation.v,coq,25
06_COORDINATION/delegation_prompts/Output/02_LinearTypes.v,coq,17
06_COORDINATION/delegation_prompts/Output/03_AlgebraicEffects.v,coq,22
06_COORDINATION/delegation_prompts/Output/04_OwnershipTypes.v,coq,19
06_COORDINATION/delegation_prompts/Output/05_CapabilitySecurity.v,coq,25
06_COORDINATION/delegation_prompts/Output/06_CovertChannels.v,coq,16
06_COORDINATION/delegation_prompts/Output/07_DataRaceFreedom.v,coq,23
06_COORDINATION/delegation_prompts/Output/08_MemorySafety.v,coq,20
06_COORDINATION/delegation_prompts/Output/09_ControlFlowIntegrity.v,coq,15
06_COORDINATION/delegation_prompts/Output/10_InjectionPrevention.v,coq,16
06_COORDINATION/delegation_prompts/Output/11_WebSecurity.v,coq,25
06_COORDINATION/delegation_prompts/Output/12_AuthenticationSecurity.v,coq,20
06_COORDINATION/delegation_prompts/Output/13_CryptographicSecurity.v,coq,31
06_COORDINATION/delegation_prompts/Output/14_HardwareSecurity.v,coq,34
06_COORDINATION/delegation_prompts/Output/15_NetworkSecurity.v,coq,26
06_COORDINATION/delegation_prompts/Output/16_TimingSecurity.v,coq,67
06_COORDINATION/delegation_prompts/Output/17_CovertChannelElimination.v,coq,23
06_COORDINATION/delegation_prompts/Output/18_PhysicalSecurity.v,coq,31
06_COORDINATION/delegation_prompts/Output/19_HumanFactorSecurity.v,coq,54
06_COORDINATION/delegation_prompts/Output/20_SupplyChainSecurity.v,coq,37
06_COORDINATION/delegation_prompts/Output/21_AIMLSecurity.v,coq,42
06_COORDINATION/delegation_prompts/Output/22_DistributedSecurity.v,coq,47
06_COORDINATION/delegation_prompts/Output/23_FutureSecurity.v,coq,24
06_COORDINATION/delegation_prompts/Output/24_HIPAACompliance.v,coq,15
06_COORDINATION/delegation_prompts/Output/25_PCIDSSCompliance.v,coq,37
06_COORDINATION/delegation_prompts/Output/26_DO178CCompliance.v,coq,21
06_COORDINATION/delegation_prompts/Output/27_WCETBounds.v,coq,39
06_COORDINATION/delegation_prompts/Output/28_BinarySizeBounds.v,coq,17
06_COORDINATION/delegation_prompts/Output/29_SIMDVerification.v,coq,14
06_COORDINATION/delegation_prompts/Output/30_SessionTypes.v,coq,17
06_COORDINATION/delegation_prompts/Output/31_RefinementTypes.v,coq,12
06_COORDINATION/delegation_prompts/Output/32_DependentTypes.v,coq,33
06_COORDINATION/delegation_prompts/Output/33_RadiationHardening.v,coq,17
06_COORDINATION/delegation_prompts/Output/34_VerifiedAIML.v,coq,15
06_COORDINATION/delegation_prompts/Output/35_TranslationValidation.v,coq,22
06_COORDINATION/delegation_prompts/Output/37_VerifiedMicrokernel.v,coq,25
06_COORDINATION/delegation_prompts/Output/38_VerifiedNetwork.v,coq,25
06_COORDINATION/delegation_prompts/Output/39_VerifiedRuntime.v,coq,23
06_COORDINATION/delegation_prompts/Output/40_VerifiedUI.v,coq,22
06_COORDINATION/delegation_prompts/Output/41_PhysicalSecurity.v,coq,15
06_COORDINATION/delegation_prompts/Output/42_VerifiedInfra.v,coq,26
06_COORDINATION/delegation_prompts/Output/43_CoreBanking.v,coq,31
06_COORDINATION/delegation_prompts/Output/44_DigitalWallet.v,coq,25
06_COORDINATION/delegation_prompts/Output/45_CrossBorderRemittance.v,coq,25
06_COORDINATION/delegation_prompts/Output/46_HealthcareIS.v,coq,30
06_COORDINATION/delegation_prompts/Output/47_ESGCompliance.v,coq,35
06_COORDINATION/delegation_prompts/Output/50_S001_HardwareContracts.v,coq,30
06_COORDINATION/delegation_prompts/Output/51_T001_HermeticBuild.v,coq,28
06_COORDINATION/delegation_prompts/Output/52_U001_RuntimeGuardian.v,coq,36
06_COORDINATION/delegation_prompts/Output/53_V001_TerminationGuarantees.v,coq,33
06_COORDINATION/delegation_prompts/Output/54_W001_VerifiedMemory.v,coq,41
06_COORDINATION/delegation_prompts/Output/55_X001_ConcurrencyModel.v,coq,40
06_COORDINATION/delegation_prompts/Output/56_Y001_VerifiedStdlib.v,coq,41
06_COORDINATION/delegation_prompts/Output/57_Z001_DeclassificationPolicy.v,coq,36
06_COORDINATION/delegation_prompts/Output/58_SIGMA001_VerifiedStorage.v,coq,38
06_COORDINATION/delegation_prompts/Output/59_NetworkDefense.v,coq,43
06_COORDINATION/delegation_prompts/Output/60_VerifiedHardware.v,coq,47
06_COORDINATION/delegation_prompts/Output/61_VerifiedIdentity.v,coq,40
06_COORDINATION/delegation_prompts/Output/62_VerifiedProtocols.v,coq,37
06_COORDINATION/delegation_prompts/Output/63_VerifiedIsolation.v,coq,35
06_COORDINATION/delegation_prompts/Output/64_VerifiedCompliance.v,coq,35
06_COORDINATION/delegation_prompts/Output/65_OperationalSecurity.v,coq,25
06_COORDINATION/delegation_prompts/Output/66_MetadataPrivacy.v,coq,25
06_COORDINATION/delegation_prompts/Output/67_TrafficResistance.v,coq,25
06_COORDINATION/delegation_prompts/Output/68_AnonymousComm.v,coq,25
06_COORDINATION/delegation_prompts/Output/69_FullstackSecurity.v,coq,25
06_COORDINATION/delegation_prompts/Output/70_MobilePlatform.v,coq,25
06_COORDINATION/delegation_prompts/Output/71_EnterpriseERP.v,coq,25
06_COORDINATION/delegation_prompts/Output/72_AntiJamming.v,coq,25
06_COORDINATION/delegation_prompts/Output/73_SensorFusion.v,coq,25
06_COORDINATION/delegation_prompts/Output/74_VerifiedAutonomy.v,coq,25
06_COORDINATION/delegation_prompts/Output/75_MeshNetworking.v,coq,28
06_COORDINATION/delegation_prompts/Output/76_SelfHealing.v,coq,25
06_COORDINATION/delegation_prompts/Output/77_TimeSecurity.v,coq,25
06_COORDINATION/delegation_prompts/Output/78_VerifiedAudit.v,coq,25
06_COORDINATION/delegation_prompts/Output/79_SecureUpdates.v,coq,25
06_COORDINATION/delegation_prompts/Output/80_KeyLifecycle.v,coq,25
06_COORDINATION/delegation_prompts/Output/81_extracted/AnimationSystem.v,coq,6
06_COORDINATION/delegation_prompts/Output/81_extracted/AppDistribution.v,coq,7
06_COORDINATION/delegation_prompts/Output/81_extracted/ApplicationLifecycle.v,coq,7
06_COORDINATION/delegation_prompts/Output/81_extracted/BiometricSystem.v,coq,5
06_COORDINATION/delegation_prompts/Output/81_extracted/CameraAudioSystem.v,coq,6
06_COORDINATION/delegation_prompts/Output/81_extracted/CellularStack.v,coq,4
06_COORDINATION/delegation_prompts/Output/81_extracted/ComputerVision.v,coq,5
06_COORDINATION/delegation_prompts/Output/81_extracted/ConcurrencyFramework.v,coq,6
06_COORDINATION/delegation_prompts/Output/81_extracted/DataPersistence.v,coq,5
06_COORDINATION/delegation_prompts/Output/81_extracted/EncryptionSystem.v,coq,7
06_COORDINATION/delegation_prompts/Output/81_extracted/FileSystem.v,coq,5
06_COORDINATION/delegation_prompts/Output/81_extracted/GraphicsEngine.v,coq,6
06_COORDINATION/delegation_prompts/Output/81_extracted/LocationServices.v,coq,6
06_COORDINATION/delegation_prompts/Output/81_extracted/MemoryManagement.v,coq,6
06_COORDINATION/delegation_prompts/Output/81_extracted/MultiDeviceContinuity.v,coq,5
06_COORDINATION/delegation_prompts/Output/81_extracted/NetworkSecurity.v,coq,5
06_COORDINATION/delegation_prompts/Output/81_extracted/NetworkingStack.v,coq,6
06_COORDINATION/delegation_prompts/Output/81_extracted/NotificationSystem.v,coq,6
06_COORDINATION/delegation_prompts/Output/81_extracted/OnDeviceML.v,coq,5
06_COORDINATION/delegation_prompts/Output/81_extracted/PowerManagement.v,coq,6
06_COORDINATION/delegation_prompts/Output/81_extracted/SystemApps.v,coq,8
06_COORDINATION/delegation_prompts/Output/81_extracted/SystemArchitecture.v,coq,4
06_COORDINATION/delegation_prompts/Output/81_extracted/TouchGestureSystem.v,coq,5
06_COORDINATION/delegation_prompts/Output/81_extracted/TrackingPrevention.v,coq,5
06_COORDINATION/delegation_prompts/Output/81_extracted/UIComponents.v,coq,6
06_COORDINATION/delegation_prompts/Output/81_extracted/VoiceAssistant.v,coq,4
06_COORDINATION/delegation_prompts/Output/81_extracted/WirelessProtocols.v,coq,5
06_COORDINATION/delegation_prompts/Output/82_extracted/uiux_performance/Accessibility/CognitiveAccessibility.v,coq,11
06_COORDINATION/delegation_prompts/Output/82_extracted/uiux_performance/Accessibility/MotorAccessibility.v,coq,9
06_COORDINATION/delegation_prompts/Output/82_extracted/uiux_performance/Accessibility/VisualAccessibility.v,coq,10
06_COORDINATION/delegation_prompts/Output/82_extracted/uiux_performance/AnimationSystem/AnimationEngine.v,coq,5
06_COORDINATION/delegation_prompts/Output/82_extracted/uiux_performance/AnimationSystem/ScrollPhysics.v,coq,4
06_COORDINATION/delegation_prompts/Output/82_extracted/uiux_performance/AnimationSystem/Transitions.v,coq,6
06_COORDINATION/delegation_prompts/Output/82_extracted/uiux_performance/InteractionDesign/GestureSystem.v,coq,4
06_COORDINATION/delegation_prompts/Output/83_extracted/mobile_os_security_foundation/AndroidCompatibility/DataFlowControl.v,coq,14
06_COORDINATION/delegation_prompts/Output/83_extracted/mobile_os_security_foundation/AndroidCompatibility/NetworkMediation.v,coq,13
06_COORDINATION/delegation_prompts/Output/83_extracted/mobile_os_security_foundation/AndroidCompatibility/VMContainment.v,coq,10
06_COORDINATION/delegation_prompts/Output/83_extracted/mobile_os_security_foundation/DeviceDrivers/DisplayDriver.v,coq,5
06_COORDINATION/delegation_prompts/Output/83_extracted/mobile_os_security_foundation/DeviceDrivers/GPUDriver.v,coq,5
06_COORDINATION/delegation_prompts/Output/83_extracted/mobile_os_security_foundation/DeviceDrivers/NetworkDriver.v,coq,3
06_COORDINATION/delegation_prompts/Output/83_extracted/mobile_os_security_foundation/DeviceDrivers/SensorDrivers.v,coq,5
06_COORDINATION/delegation_prompts/Output/83_extracted/mobile_os_security_foundation/DeviceDrivers/StorageDriver.v,coq,6
06_COORDINATION/delegation_prompts/Output/83_extracted/mobile_os_security_foundation/Hypervisor/IOMMUProtection.v,coq,7
06_COORDINATION/delegation_prompts/Output/83_extracted/mobile_os_security_foundation/Hypervisor/InterruptVirtualization.v,coq,7
06_COORDINATION/delegation_prompts/Output/83_extracted/mobile_os_security_foundation/Hypervisor/MemoryVirtualization.v,coq,6
06_COORDINATION/delegation_prompts/Output/83_extracted/mobile_os_security_foundation/Hypervisor/VMIsolation.v,coq,5
06_COORDINATION/delegation_prompts/Output/83_extracted/mobile_os_security_foundation/Microkernel/CapabilitySystem.v,coq,8
06_COORDINATION/delegation_prompts/Output/83_extracted/mobile_os_security_foundation/Microkernel/IPCSecurity.v,coq,7
06_COORDINATION/delegation_prompts/Output/83_extracted/mobile_os_security_foundation/Microkernel/MemoryIsolation.v,coq,10
06_COORDINATION/delegation_prompts/Output/83_extracted/mobile_os_security_foundation/Microkernel/SchedulingIsolation.v,coq,6
06_COORDINATION/delegation_prompts/Output/83_extracted/mobile_os_security_foundation/PermissionSystem/AndroidVMPermissions.v,coq,6
06_COORDINATION/delegation_prompts/Output/83_extracted/mobile_os_security_foundation/PermissionSystem/AppPermissions.v,coq,6
06_COORDINATION/delegation_prompts/Output/83_extracted/mobile_os_security_foundation/PermissionSystem/CrossVMCommunication.v,coq,6
06_COORDINATION/delegation_prompts/Output/83_extracted/mobile_os_security_foundation/Runtime/GarbageCollector.v,coq,5
06_COORDINATION/delegation_prompts/Output/83_extracted/mobile_os_security_foundation/Runtime/MemoryAllocator.v,coq,6
06_COORDINATION/delegation_prompts/Output/83_extracted/mobile_os_security_foundation/Runtime/VerifiedCrypto.v,coq,6
06_COORDINATION/delegation_prompts/Output/83_extracted/mobile_os_security_foundation/Runtime/VerifiedIPC.v,coq,10
06_COORDINATION/delegation_prompts/Output/83_extracted/mobile_os_security_foundation/SecureBoot/BootVerification.v,coq,6
06_COORDINATION/delegation_prompts/Output/83_extracted/mobile_os_security_foundation/SecureBoot/HardwareRootOfTrust.v,coq,6
06_COORDINATION/delegation_prompts/Output/83_extracted/mobile_os_security_foundation/SecureBoot/RollbackProtection.v,coq,6
06_COORDINATION/delegation_prompts/Output/84_FormalVerification.v,coq,36
06_COORDINATION/delegation_prompts/Output/85_ModuleSystems.v,coq,26
06_COORDINATION/delegation_prompts/Output/86_Metaprogramming.v,coq,27
06_COORDINATION/delegation_prompts/Output/87_TestingQA.v,coq,29
06_COORDINATION/delegation_prompts/Output/88_ToolingIDE.v,coq,21
06_COORDINATION/delegation_prompts/Output/89_StandardLibrary.v,coq,45
06_COORDINATION/delegation_prompts/Output/90_TotalStackFoundation.v,coq,51
06_COORDINATION/delegation_prompts/Output/files30_extracted/COMPLETE_ANALYSIS_13_ADMITS.v,coq,2
06_COORDINATION/delegation_prompts/Output/files32_extracted/ClosedValueLemmas.v,coq,10
06_COORDINATION/delegation_prompts/Output/files32_extracted/SubstitutionCommute.v,coq,9
06_COORDINATION/delegation_prompts/Output/files32_extracted/ValRelMonotone.v,coq,11
06_COORDINATION/delegation_prompts/Output/files33_extracted/SubstitutionCommute.v,coq,15
06_COORDINATION/delegation_prompts/Output/files33_extracted/ValRelMonotone.v,coq,31
06_COORDINATION/prompts/AxiomEliminationVerified.v,coq,42
06_COORDINATION/prompts/KripkeMonotonicity.v,coq,13
06_COORDINATION/prompts/LogicalRelationCore_SAMPLE.v,coq,25
06_COORDINATION/prompts/MasterTheorem (1).v,coq,20
06_COORDINATION/prompts/NonInterferenceZero (1).v,coq,10
06_COORDINATION/prompts/NonInterferenceZero.v,coq,17
06_COORDINATION/prompts/PACKAGE_I_CORE_AXIOM_PROOFS.v,coq,5
06_COORDINATION/prompts/ReferenceOps.v,coq,15
06_COORDINATION/prompts/Store (1).v,coq,5
06_COORDINATION/prompts/Store.v,coq,2
06_COORDINATION/prompts/Syntax (1).v,coq,4
06_COORDINATION/prompts/Syntax.v,coq,7
06_COORDINATION/prompts/exp_rel_step1.v,coq,17
99_ARCHIVE/claude_web_outputs/Declassification_web_output.v,coq,9
99_ARCHIVE/claude_web_outputs/LogicalRelation_web_output.v,coq,21
99_ARCHIVE/claude_web_outputs/ReducibilityAxiomsFix_web_output.v,coq,12
99_ARCHIVE/claude_web_outputs/ReferenceOps_web_output.v,coq,6
99_ARCHIVE/claude_web_session46_outputs/Definitions.v,coq,25
99_ARCHIVE/claude_web_session46_outputs/KripkeProperties_fix.v,coq,5
99_ARCHIVE/claude_web_session46_outputs/KripkeProperties_patch.v,coq,2
99_ARCHIVE/claude_web_session46_outputs/LogicalRelations.v,coq,23
99_ARCHIVE/claude_web_session46_outputs/NonInterference_Simple.v,coq,23
99_ARCHIVE/claude_web_session46_outputs/Prompt2_ReferenceOps_Complete.v,coq,18
99_ARCHIVE/claude_web_session46_outputs/Prompt3_Declassification.v,coq,17
99_ARCHIVE/claude_web_session46_outputs/Prompt5_SN_Final.v,coq,11
99_ARCHIVE/claude_web_session46_outputs/Prompt6_NonInterference_v2_Final.v,coq,7
99_ARCHIVE/phase4_standalone_proofs/LogicalRelationAssign_PROOF_COMPLETE.v,coq,20
99_ARCHIVE/phase4_standalone_proofs/LogicalRelationDeref_PROOF_COMPLETE.v,coq,12
99_ARCHIVE/root_cleanup_session47/CumulativeRelation_FIXED.v,coq,13
99_ARCHIVE/root_cleanup_session47/NonInterference_v2_claude_web_prompt7.v,coq,37
99_ARCHIVE/root_cleanup_session47/Prompt2_ReferenceOps_Complete.v,coq,18
99_ARCHIVE/root_cleanup_session47/Prompt3_Declassification.v,coq,17
99_ARCHIVE/root_cleanup_session47/Prompt5_SN_Final.v,coq,11
99_ARCHIVE/root_cleanup_session47/Prompt6_NonInterference_v2_Final.v,coq,7
99_ARCHIVE/superseded_patches/NonInterference_v2_PATCH.v,coq,4
99_ARCHIVE/superseded_patches/ReducibilityFull_FIXED.v,coq,19
99_ARCHIVE/superseded_patches/ReducibilityFull_PATCH.v,coq,5
99_ARCHIVE/superseded_patches/ReducibilityFull_PROVEN.v,coq,22
claude_ai_output/COMPLETE_ANALYSIS_13_ADMITS.v,coq,2
