scope,file,language,line,type,name
active,02_FORMAL/coq/properties/NonInterference_v2.v,coq,1535,Axiom,val_rel_n_step_up
active,02_FORMAL/coq/properties/NonInterference_v2_LogicalRelation.v,coq,1149,Axiom,logical_relation_declassify
archive,02_FORMAL/coq/properties/_archive_deprecated/ApplicationComplete.v,coq,133,admit tactic,
archive,02_FORMAL/coq/properties/_archive_deprecated/ApplicationComplete.v,coq,134,Admitted,
archive,02_FORMAL/coq/properties/_archive_deprecated/ApplicationComplete.v,coq,180,admit tactic,
archive,02_FORMAL/coq/properties/_archive_deprecated/ApplicationComplete.v,coq,184,Admitted,
archive,02_FORMAL/coq/properties/_archive_deprecated/ApplicationComplete.v,coq,284,admit tactic,
archive,02_FORMAL/coq/properties/_archive_deprecated/ApplicationComplete.v,coq,294,admit tactic,
archive,02_FORMAL/coq/properties/_archive_deprecated/ApplicationComplete.v,coq,306,admit tactic,
archive,02_FORMAL/coq/properties/_archive_deprecated/ApplicationComplete.v,coq,307,Admitted,
archive,02_FORMAL/coq/properties/_archive_deprecated/ApplicationComplete.v,coq,468,admit tactic,
archive,02_FORMAL/coq/properties/_archive_deprecated/ApplicationComplete.v,coq,473,admit tactic,
archive,02_FORMAL/coq/properties/_archive_deprecated/ApplicationComplete.v,coq,478,admit tactic,
archive,02_FORMAL/coq/properties/_archive_deprecated/ApplicationComplete.v,coq,479,Admitted,
archive,02_FORMAL/coq/properties/_archive_deprecated/ApplicationComplete.v,coq,534,admit tactic,
archive,02_FORMAL/coq/properties/_archive_deprecated/ApplicationComplete.v,coq,540,Admitted,
archive,02_FORMAL/coq/properties/_archive_deprecated/AxiomEliminationVerified.v,coq,66,Admitted,
archive,02_FORMAL/coq/properties/_archive_deprecated/AxiomEliminationVerified.v,coq,87,Admitted,
archive,02_FORMAL/coq/properties/_archive_deprecated/AxiomEliminationVerified.v,coq,109,Admitted,
archive,02_FORMAL/coq/properties/_archive_deprecated/AxiomEliminationVerified.v,coq,129,Admitted,
archive,02_FORMAL/coq/properties/_archive_deprecated/AxiomEliminationVerified.v,coq,153,Admitted,
archive,02_FORMAL/coq/properties/_archive_deprecated/AxiomEliminationVerified.v,coq,176,Admitted,
archive,02_FORMAL/coq/properties/_archive_deprecated/AxiomEliminationVerified.v,coq,283,Admitted,
archive,02_FORMAL/coq/properties/_archive_deprecated/AxiomEliminationVerified.v,coq,362,Admitted,
archive,02_FORMAL/coq/properties/_archive_deprecated/AxiomEliminationVerified.v,coq,414,Admitted,
archive,02_FORMAL/coq/properties/_archive_deprecated/AxiomEliminationVerified.v,coq,431,Admitted,
archive,02_FORMAL/coq/properties/_archive_deprecated/AxiomEliminationVerified.v,coq,454,Admitted,
archive,02_FORMAL/coq/properties/_archive_deprecated/AxiomEliminationVerified.v,coq,469,Admitted,
archive,02_FORMAL/coq/properties/_archive_deprecated/AxiomEliminationVerified.v,coq,493,Admitted,
archive,02_FORMAL/coq/properties/_archive_deprecated/AxiomEliminationVerified.v,coq,509,Admitted,
archive,02_FORMAL/coq/properties/_archive_deprecated/AxiomEliminationVerified.v,coq,526,Admitted,
archive,02_FORMAL/coq/properties/_archive_deprecated/FundamentalTheorem.v,coq,424,admit tactic,
archive,02_FORMAL/coq/properties/_archive_deprecated/FundamentalTheorem.v,coq,426,Admitted,
archive,02_FORMAL/coq/properties/_archive_deprecated/FundamentalTheorem.v,coq,465,admit tactic,
archive,02_FORMAL/coq/properties/_archive_deprecated/FundamentalTheorem.v,coq,467,Admitted,
archive,02_FORMAL/coq/properties/_archive_deprecated/FundamentalTheorem.v,coq,497,admit tactic,
archive,02_FORMAL/coq/properties/_archive_deprecated/FundamentalTheorem.v,coq,498,Admitted,
archive,02_FORMAL/coq/properties/_archive_deprecated/FundamentalTheorem.v,coq,523,admit tactic,
archive,02_FORMAL/coq/properties/_archive_deprecated/FundamentalTheorem.v,coq,524,Admitted,
archive,02_FORMAL/coq/properties/_archive_deprecated/FundamentalTheorem.v,coq,542,admit tactic,
archive,02_FORMAL/coq/properties/_archive_deprecated/FundamentalTheorem.v,coq,543,Admitted,
archive,02_FORMAL/coq/properties/_archive_deprecated/FundamentalTheorem.v,coq,559,admit tactic,
archive,02_FORMAL/coq/properties/_archive_deprecated/FundamentalTheorem.v,coq,560,Admitted,
archive,02_FORMAL/coq/properties/_archive_deprecated/FundamentalTheorem.v,coq,584,admit tactic,
archive,02_FORMAL/coq/properties/_archive_deprecated/FundamentalTheorem.v,coq,585,admit tactic,
archive,02_FORMAL/coq/properties/_archive_deprecated/FundamentalTheorem.v,coq,589,admit tactic,
archive,02_FORMAL/coq/properties/_archive_deprecated/FundamentalTheorem.v,coq,591,Admitted,
archive,02_FORMAL/coq/properties/_archive_deprecated/FundamentalTheorem.v,coq,603,admit tactic,
archive,02_FORMAL/coq/properties/_archive_deprecated/FundamentalTheorem.v,coq,604,Admitted,
archive,02_FORMAL/coq/properties/_archive_deprecated/FundamentalTheorem.v,coq,632,admit tactic,
archive,02_FORMAL/coq/properties/_archive_deprecated/FundamentalTheorem.v,coq,633,Admitted,
archive,02_FORMAL/coq/properties/_archive_deprecated/FundamentalTheorem.v,coq,664,admit tactic,
archive,02_FORMAL/coq/properties/_archive_deprecated/FundamentalTheorem.v,coq,666,admit tactic,
archive,02_FORMAL/coq/properties/_archive_deprecated/FundamentalTheorem.v,coq,667,Admitted,
archive,02_FORMAL/coq/properties/_archive_deprecated/FundamentalTheorem.v,coq,686,admit tactic,
archive,02_FORMAL/coq/properties/_archive_deprecated/FundamentalTheorem.v,coq,687,Admitted,
archive,02_FORMAL/coq/properties/_archive_deprecated/FundamentalTheorem.v,coq,703,admit tactic,
archive,02_FORMAL/coq/properties/_archive_deprecated/FundamentalTheorem.v,coq,704,Admitted,
archive,02_FORMAL/coq/properties/_archive_deprecated/FundamentalTheorem.v,coq,722,admit tactic,
archive,02_FORMAL/coq/properties/_archive_deprecated/FundamentalTheorem.v,coq,723,Admitted,
archive,02_FORMAL/coq/properties/_archive_deprecated/FundamentalTheorem.v,coq,739,admit tactic,
archive,02_FORMAL/coq/properties/_archive_deprecated/FundamentalTheorem.v,coq,740,Admitted,
archive,02_FORMAL/coq/properties/_archive_deprecated/FundamentalTheorem.v,coq,752,admit tactic,
archive,02_FORMAL/coq/properties/_archive_deprecated/FundamentalTheorem.v,coq,753,Admitted,
archive,02_FORMAL/coq/properties/_archive_deprecated/FundamentalTheorem.v,coq,766,admit tactic,
archive,02_FORMAL/coq/properties/_archive_deprecated/FundamentalTheorem.v,coq,767,Admitted,
archive,02_FORMAL/coq/properties/_archive_deprecated/FundamentalTheorem.v,coq,791,admit tactic,
archive,02_FORMAL/coq/properties/_archive_deprecated/FundamentalTheorem.v,coq,792,admit tactic,
archive,02_FORMAL/coq/properties/_archive_deprecated/FundamentalTheorem.v,coq,797,admit tactic,
archive,02_FORMAL/coq/properties/_archive_deprecated/FundamentalTheorem.v,coq,799,Admitted,
archive,02_FORMAL/coq/properties/_archive_deprecated/FundamentalTheorem.v,coq,812,admit tactic,
archive,02_FORMAL/coq/properties/_archive_deprecated/FundamentalTheorem.v,coq,813,Admitted,
archive,02_FORMAL/coq/properties/_archive_deprecated/FundamentalTheorem.v,coq,832,admit tactic,
archive,02_FORMAL/coq/properties/_archive_deprecated/FundamentalTheorem.v,coq,833,admit tactic,
archive,02_FORMAL/coq/properties/_archive_deprecated/FundamentalTheorem.v,coq,837,admit tactic,
archive,02_FORMAL/coq/properties/_archive_deprecated/FundamentalTheorem.v,coq,839,Admitted,
archive,02_FORMAL/coq/properties/_archive_deprecated/FundamentalTheorem.v,coq,855,admit tactic,
archive,02_FORMAL/coq/properties/_archive_deprecated/FundamentalTheorem.v,coq,856,Admitted,
archive,02_FORMAL/coq/properties/_archive_deprecated/FundamentalTheorem.v,coq,868,admit tactic,
archive,02_FORMAL/coq/properties/_archive_deprecated/FundamentalTheorem.v,coq,869,Admitted,
archive,02_FORMAL/coq/properties/_archive_deprecated/FundamentalTheorem.v,coq,926,admit tactic,
archive,02_FORMAL/coq/properties/_archive_deprecated/FundamentalTheorem.v,coq,1052,Admitted,
archive,02_FORMAL/coq/properties/_archive_deprecated/FundamentalTheorem.v,coq,1071,admit tactic,
archive,02_FORMAL/coq/properties/_archive_deprecated/FundamentalTheorem.v,coq,1075,Admitted,
archive,02_FORMAL/coq/properties/_archive_deprecated/FundamentalTheorem.v,coq,1102,admit tactic,
archive,02_FORMAL/coq/properties/_archive_deprecated/FundamentalTheorem.v,coq,1116,Admitted,
archive,02_FORMAL/coq/properties/_archive_deprecated/KripkeMutual.v,coq,143,admit tactic,
archive,02_FORMAL/coq/properties/_archive_deprecated/KripkeMutual.v,coq,144,Admitted,
archive,02_FORMAL/coq/properties/_archive_deprecated/KripkeMutual.v,coq,167,admit tactic,
archive,02_FORMAL/coq/properties/_archive_deprecated/KripkeMutual.v,coq,168,Admitted,
archive,02_FORMAL/coq/properties/_archive_deprecated/KripkeMutual.v,coq,189,admit tactic,
archive,02_FORMAL/coq/properties/_archive_deprecated/KripkeMutual.v,coq,190,Admitted,
archive,02_FORMAL/coq/properties/_archive_deprecated/KripkeMutual.v,coq,229,admit tactic,
archive,02_FORMAL/coq/properties/_archive_deprecated/KripkeMutual.v,coq,230,Admitted,
archive,02_FORMAL/coq/properties/_archive_deprecated/LogicalRelationAssign_PROOF.v,coq,208,Axiom,T_Loc
archive,02_FORMAL/coq/properties/_archive_deprecated/LogicalRelationAssign_PROOF.v,coq,212,Axiom,T_Assign
archive,02_FORMAL/coq/properties/_archive_deprecated/LogicalRelationAssign_PROOF.v,coq,348,Axiom,val_rel_n_unit
archive,02_FORMAL/coq/properties/_archive_deprecated/LogicalRelationAssign_PROOF.v,coq,353,Axiom,val_rel_n_ref
archive,02_FORMAL/coq/properties/_archive_deprecated/LogicalRelationAssign_PROOF.v,coq,359,Axiom,val_rel_n_ref_same_loc
archive,02_FORMAL/coq/properties/_archive_deprecated/LogicalRelationAssign_PROOF.v,coq,365,Axiom,exp_rel_n_unfold
archive,02_FORMAL/coq/properties/_archive_deprecated/LogicalRelationAssign_PROOF.v,coq,378,Axiom,exp_rel_n_unit
archive,02_FORMAL/coq/properties/_archive_deprecated/LogicalRelationAssign_PROOF.v,coq,382,Axiom,exp_rel_n_base
archive,02_FORMAL/coq/properties/_archive_deprecated/LogicalRelationAssign_PROOF.v,coq,386,Axiom,exp_rel_n_assign
archive,02_FORMAL/coq/properties/_archive_deprecated/LogicalRelationAssign_PROOF.v,coq,392,Axiom,val_rel_n_step_down
archive,02_FORMAL/coq/properties/_archive_deprecated/LogicalRelationAssign_PROOF.v,coq,397,Axiom,exp_rel_n_step_down
archive,02_FORMAL/coq/properties/_archive_deprecated/LogicalRelationAssign_PROOF.v,coq,402,Axiom,store_rel_n_step_down
archive,02_FORMAL/coq/properties/_archive_deprecated/LogicalRelationAssign_PROOF.v,coq,408,Axiom,store_update_preserves_rel
archive,02_FORMAL/coq/properties/_archive_deprecated/LogicalRelationAssign_PROOF.v,coq,431,Axiom,fundamental_theorem
archive,02_FORMAL/coq/properties/_archive_deprecated/LogicalRelationAssign_PROOF_FIXED.v,coq,197,Axiom,T_Loc
archive,02_FORMAL/coq/properties/_archive_deprecated/LogicalRelationAssign_PROOF_FIXED.v,coq,201,Axiom,T_Assign
archive,02_FORMAL/coq/properties/_archive_deprecated/LogicalRelationAssign_PROOF_FIXED.v,coq,530,Axiom,exp_rel_n_unfold
archive,02_FORMAL/coq/properties/_archive_deprecated/LogicalRelationAssign_PROOF_FIXED.v,coq,542,Axiom,exp_rel_n_unit
archive,02_FORMAL/coq/properties/_archive_deprecated/LogicalRelationAssign_PROOF_FIXED.v,coq,545,Axiom,exp_rel_n_base
archive,02_FORMAL/coq/properties/_archive_deprecated/LogicalRelationAssign_PROOF_FIXED.v,coq,548,Axiom,exp_rel_n_assign
archive,02_FORMAL/coq/properties/_archive_deprecated/LogicalRelationAssign_PROOF_FIXED.v,coq,565,Axiom,fundamental_theorem
archive,02_FORMAL/coq/properties/_archive_deprecated/LogicalRelationDeclassify_PROOF.v,coq,142,admit tactic,
archive,02_FORMAL/coq/properties/_archive_deprecated/LogicalRelationDeclassify_PROOF.v,coq,154,admit tactic,
archive,02_FORMAL/coq/properties/_archive_deprecated/LogicalRelationDeclassify_PROOF.v,coq,163,Admitted,
archive,02_FORMAL/coq/properties/_archive_deprecated/LogicalRelationDeclassify_PROOF.v,coq,221,admit tactic,
archive,02_FORMAL/coq/properties/_archive_deprecated/LogicalRelationDeclassify_PROOF.v,coq,222,Admitted,
archive,02_FORMAL/coq/properties/_archive_deprecated/LogicalRelationDeclassify_PROOF.v,coq,402,Axiom,step_deterministic
archive,02_FORMAL/coq/properties/_archive_deprecated/LogicalRelationDeclassify_PROOF.v,coq,409,Axiom,fundamental_lemma
archive,02_FORMAL/coq/properties/_archive_deprecated/LogicalRelationDeclassify_PROOF.v,coq,418,Axiom,subst_declassify
archive,02_FORMAL/coq/properties/_archive_deprecated/LogicalRelationDeclassify_PROOF.v,coq,423,Axiom,lc_declassify
archive,02_FORMAL/coq/properties/_archive_deprecated/LogicalRelationDeclassify_PROOF.v,coq,429,Axiom,value_is_lc
archive,02_FORMAL/coq/properties/_archive_deprecated/LogicalRelationDeclassify_PROOF.v,coq,435,Axiom,val_rel_n_monotone
archive,02_FORMAL/coq/properties/_archive_deprecated/LogicalRelationDeclassify_PROOF.v,coq,442,Axiom,val_rel_n_base
archive,02_FORMAL/coq/properties/_archive_deprecated/LogicalRelationDeclassify_PROOF.v,coq,449,Axiom,multi_ctx_declassify
archive,02_FORMAL/coq/properties/_archive_deprecated/LogicalRelationDeclassify_PROOF.v,coq,455,Axiom,ST_Declassify_Ctx
archive,02_FORMAL/coq/properties/_archive_deprecated/LogicalRelationDeclassify_PROOF.v,coq,461,Axiom,declassify_ctx_preserves_rel
archive,02_FORMAL/coq/properties/_archive_deprecated/LogicalRelationDeclassify_PROOF_REFINED.v,coq,115,Axiom,subst_rho_declassify_dist
archive,02_FORMAL/coq/properties/_archive_deprecated/LogicalRelationDeclassify_PROOF_REFINED.v,coq,119,Axiom,fundamental_lemma
archive,02_FORMAL/coq/properties/_archive_deprecated/LogicalRelationDeclassify_PROOF_REFINED.v,coq,127,Axiom,val_rel_secret_unwrap
archive,02_FORMAL/coq/properties/_archive_deprecated/LogicalRelationDeclassify_PROOF_REFINED.v,coq,139,Axiom,exp_rel_n_unfold
archive,02_FORMAL/coq/properties/_archive_deprecated/LogicalRelationDeclassify_PROOF_REFINED.v,coq,156,Axiom,declassify_eval
archive,02_FORMAL/coq/properties/_archive_deprecated/LogicalRelationDeclassify_PROOF_REFINED.v,coq,162,Axiom,lc_declassify
archive,02_FORMAL/coq/properties/_archive_deprecated/LogicalRelationDeclassify_PROOF_REFINED.v,coq,166,Axiom,exp_rel_n_mono
archive,02_FORMAL/coq/properties/_archive_deprecated/LogicalRelationDeclassify_PROOF_REFINED.v,coq,172,Axiom,val_rel_n_mono
archive,02_FORMAL/coq/properties/_archive_deprecated/LogicalRelationDeclassify_PROOF_REFINED.v,coq,269,admit tactic,
archive,02_FORMAL/coq/properties/_archive_deprecated/LogicalRelationDeclassify_PROOF_REFINED.v,coq,271,admit tactic,
archive,02_FORMAL/coq/properties/_archive_deprecated/LogicalRelationDeclassify_PROOF_REFINED.v,coq,275,admit tactic,
archive,02_FORMAL/coq/properties/_archive_deprecated/LogicalRelationDeclassify_PROOF_REFINED.v,coq,276,Admitted,
archive,02_FORMAL/coq/properties/_archive_deprecated/LogicalRelationDeclassify_PROOF_REFINED.v,coq,332,admit tactic,
archive,02_FORMAL/coq/properties/_archive_deprecated/LogicalRelationDeclassify_PROOF_REFINED.v,coq,335,admit tactic,
archive,02_FORMAL/coq/properties/_archive_deprecated/LogicalRelationDeclassify_PROOF_REFINED.v,coq,348,admit tactic,
archive,02_FORMAL/coq/properties/_archive_deprecated/LogicalRelationDeclassify_PROOF_REFINED.v,coq,349,Admitted,
archive,02_FORMAL/coq/properties/_archive_deprecated/LogicalRelationDeclassify_v2.v,coq,178,Axiom,declassify_value_related
archive,02_FORMAL/coq/properties/_archive_deprecated/LogicalRelationDeclassify_v2.v,coq,232,admit tactic,
archive,02_FORMAL/coq/properties/_archive_deprecated/LogicalRelationDeclassify_v2.v,coq,233,Admitted,
archive,02_FORMAL/coq/properties/_archive_deprecated/LogicalRelationDeclassify_v2.v,coq,253,admit tactic,
archive,02_FORMAL/coq/properties/_archive_deprecated/LogicalRelationDeclassify_v2.v,coq,254,Admitted,
archive,02_FORMAL/coq/properties/_archive_deprecated/LogicalRelationDeref_PROOF_FINAL.v,coq,123,Axiom,has_type
archive,02_FORMAL/coq/properties/_archive_deprecated/LogicalRelationDeref_PROOF_FINAL.v,coq,323,Axiom,store_contains_values
archive,02_FORMAL/coq/properties/_archive_deprecated/LogicalRelationDeref_PROOF_FINAL.v,coq,326,Axiom,store_rel_same_domain
archive,02_FORMAL/coq/properties/_archive_deprecated/LogicalRelationDeref_PROOF_FINAL.v,coq,332,Axiom,store_well_typed
archive,02_FORMAL/coq/properties/_archive_deprecated/LogicalRelationDeref_PROOF_FINAL.v,coq,340,Axiom,fundamental_lemma
archive,02_FORMAL/coq/properties/_archive_deprecated/LogicalRelationDeref_PROOF_FINAL.v,coq,347,Axiom,fundamental_ref_produces_typed_loc
archive,02_FORMAL/coq/properties/_archive_deprecated/LogicalRelationDeref_PROOF_FINAL.v,coq,360,Axiom,deref_eval_structure
archive,02_FORMAL/coq/properties/_archive_deprecated/LogicalRelationRef_PROOF.v,coq,132,Axiom,store_ty_fresh_loc_none
archive,02_FORMAL/coq/properties/_archive_deprecated/LogicalRelationRef_PROOF.v,coq,439,admit tactic,
archive,02_FORMAL/coq/properties/_archive_deprecated/LogicalRelationRef_PROOF.v,coq,440,Admitted,
archive,02_FORMAL/coq/properties/_archive_deprecated/MasterTheorem.v,coq,111,admit tactic,
archive,02_FORMAL/coq/properties/_archive_deprecated/MasterTheorem.v,coq,112,Admitted,
archive,02_FORMAL/coq/properties/_archive_deprecated/MasterTheorem.v,coq,139,admit tactic,
archive,02_FORMAL/coq/properties/_archive_deprecated/MasterTheorem.v,coq,146,Admitted,
archive,02_FORMAL/coq/properties/_archive_deprecated/MasterTheorem.v,coq,788,admit tactic,
archive,02_FORMAL/coq/properties/_archive_deprecated/MasterTheorem.v,coq,845,Admitted,
archive,02_FORMAL/coq/properties/_archive_deprecated/MasterTheorem.v,coq,991,admit tactic,
archive,02_FORMAL/coq/properties/_archive_deprecated/MasterTheorem.v,coq,992,admit tactic,
archive,02_FORMAL/coq/properties/_archive_deprecated/MasterTheorem.v,coq,993,admit tactic,
archive,02_FORMAL/coq/properties/_archive_deprecated/MasterTheorem.v,coq,994,admit tactic,
archive,02_FORMAL/coq/properties/_archive_deprecated/MasterTheorem.v,coq,995,admit tactic,
archive,02_FORMAL/coq/properties/_archive_deprecated/MasterTheorem.v,coq,996,admit tactic,
archive,02_FORMAL/coq/properties/_archive_deprecated/MasterTheorem.v,coq,997,admit tactic,
archive,02_FORMAL/coq/properties/_archive_deprecated/MasterTheorem.v,coq,998,admit tactic,
archive,02_FORMAL/coq/properties/_archive_deprecated/MasterTheorem.v,coq,999,admit tactic,
archive,02_FORMAL/coq/properties/_archive_deprecated/MasterTheorem.v,coq,1000,Admitted,
archive,02_FORMAL/coq/properties/_archive_deprecated/MasterTheorem.v,coq,1116,admit tactic,
archive,02_FORMAL/coq/properties/_archive_deprecated/MasterTheorem.v,coq,1117,Admitted,
archive,02_FORMAL/coq/properties/_archive_deprecated/MasterTheorem.v,coq,1268,admit tactic,
archive,02_FORMAL/coq/properties/_archive_deprecated/MasterTheorem.v,coq,1269,Admitted,
archive,02_FORMAL/coq/properties/_archive_deprecated/MasterTheorem.v,coq,2132,Admitted,
archive,02_FORMAL/coq/properties/_archive_deprecated/MultiStepInversion.v,coq,568,Axiom,store_contains_values
archive,02_FORMAL/coq/properties/_archive_deprecated/NonInterferenceKripke.v,coq,265,admit tactic,
archive,02_FORMAL/coq/properties/_archive_deprecated/NonInterferenceKripke.v,coq,266,Admitted,
archive,02_FORMAL/coq/properties/_archive_deprecated/NonInterferenceKripke.v,coq,319,admit tactic,
archive,02_FORMAL/coq/properties/_archive_deprecated/NonInterferenceKripke.v,coq,342,admit tactic,
archive,02_FORMAL/coq/properties/_archive_deprecated/NonInterferenceKripke.v,coq,343,Admitted,
archive,02_FORMAL/coq/properties/_archive_deprecated/NonInterferenceKripke.v,coq,367,admit tactic,
archive,02_FORMAL/coq/properties/_archive_deprecated/NonInterferenceKripke.v,coq,368,Admitted,
archive,02_FORMAL/coq/properties/_archive_deprecated/NonInterferenceLegacy.v,coq,921,admit tactic,
archive,02_FORMAL/coq/properties/_archive_deprecated/NonInterferenceLegacy.v,coq,922,Admitted,
archive,02_FORMAL/coq/properties/_archive_deprecated/NonInterferenceLegacy.v,coq,1033,admit tactic,
archive,02_FORMAL/coq/properties/_archive_deprecated/NonInterferenceLegacy.v,coq,1038,admit tactic,
archive,02_FORMAL/coq/properties/_archive_deprecated/NonInterferenceLegacy.v,coq,1041,Admitted,
archive,02_FORMAL/coq/properties/_archive_deprecated/NonInterferenceLegacy.v,coq,1281,Axiom,val_rel_n_to_val_rel
archive,02_FORMAL/coq/properties/_archive_deprecated/NonInterferenceLegacy.v,coq,1306,Axiom,exp_rel_step1_fst
archive,02_FORMAL/coq/properties/_archive_deprecated/NonInterferenceLegacy.v,coq,1318,Axiom,exp_rel_step1_snd
archive,02_FORMAL/coq/properties/_archive_deprecated/NonInterferenceLegacy.v,coq,1330,Axiom,exp_rel_step1_case
archive,02_FORMAL/coq/properties/_archive_deprecated/NonInterferenceLegacy.v,coq,1342,Axiom,exp_rel_step1_if
archive,02_FORMAL/coq/properties/_archive_deprecated/NonInterferenceLegacy.v,coq,1354,Axiom,exp_rel_step1_let
archive,02_FORMAL/coq/properties/_archive_deprecated/NonInterferenceLegacy.v,coq,1366,Axiom,exp_rel_step1_handle
archive,02_FORMAL/coq/properties/_archive_deprecated/NonInterferenceLegacy.v,coq,1378,Axiom,exp_rel_step1_app
archive,02_FORMAL/coq/properties/_archive_deprecated/NonInterferenceLegacy.v,coq,1398,Axiom,tapp_step0_complete
archive,02_FORMAL/coq/properties/_archive_deprecated/NonInterferenceLegacy.v,coq,1561,Axiom,val_rel_n_step_up
archive,02_FORMAL/coq/properties/_archive_deprecated/NonInterferenceLegacy.v,coq,1567,Axiom,store_rel_n_step_up
archive,02_FORMAL/coq/properties/_archive_deprecated/NonInterferenceLegacy.v,coq,1577,Axiom,val_rel_n_lam_cumulative
archive,02_FORMAL/coq/properties/_archive_deprecated/NonInterferenceLegacy.v,coq,1586,Axiom,val_rel_at_type_to_val_rel_ho
archive,02_FORMAL/coq/properties/_archive_deprecated/NonInterferenceLegacy.v,coq,2118,Axiom,logical_relation_ref
archive,02_FORMAL/coq/properties/_archive_deprecated/NonInterferenceLegacy.v,coq,2128,Axiom,logical_relation_deref
archive,02_FORMAL/coq/properties/_archive_deprecated/NonInterferenceLegacy.v,coq,2138,Axiom,logical_relation_assign
archive,02_FORMAL/coq/properties/_archive_deprecated/NonInterferenceLegacy.v,coq,2151,Axiom,logical_relation_declassify
archive,02_FORMAL/coq/properties/_archive_deprecated/NonInterferenceLegacy.v,coq,3828,admit tactic,
archive,02_FORMAL/coq/properties/_archive_deprecated/NonInterferenceLegacy.v,coq,3829,admit tactic,
archive,02_FORMAL/coq/properties/_archive_deprecated/NonInterferenceLegacy.v,coq,4883,Admitted,
archive,02_FORMAL/coq/properties/_archive_deprecated/NonInterferenceZero.v,coq,187,admit tactic,
archive,02_FORMAL/coq/properties/_archive_deprecated/NonInterferenceZero.v,coq,222,Admitted,
archive,02_FORMAL/coq/properties/_archive_deprecated/NonInterferenceZero.v,coq,260,admit tactic,
archive,02_FORMAL/coq/properties/_archive_deprecated/NonInterferenceZero.v,coq,261,Admitted,
archive,02_FORMAL/coq/properties/_archive_deprecated/NonInterferenceZero.v,coq,283,admit tactic,
archive,02_FORMAL/coq/properties/_archive_deprecated/NonInterferenceZero.v,coq,286,Admitted,
archive,02_FORMAL/coq/properties/_archive_deprecated/NonInterferenceZero.v,coq,420,admit tactic,
archive,02_FORMAL/coq/properties/_archive_deprecated/NonInterferenceZero.v,coq,455,Admitted,
archive,02_FORMAL/coq/properties/_archive_deprecated/NonInterferenceZero.v,coq,470,admit tactic,
archive,02_FORMAL/coq/properties/_archive_deprecated/NonInterferenceZero.v,coq,471,Admitted,
archive,02_FORMAL/coq/properties/_archive_deprecated/NonInterference_v2_DEFINITIVE_PATCH.v,coq,375,admit tactic,
archive,02_FORMAL/coq/properties/_archive_deprecated/NonInterference_v2_DEFINITIVE_PATCH.v,coq,376,Admitted,
archive,02_FORMAL/coq/properties/_archive_deprecated/NonInterference_v2_DEFINITIVE_PATCH.v,coq,387,admit tactic,
archive,02_FORMAL/coq/properties/_archive_deprecated/NonInterference_v2_DEFINITIVE_PATCH.v,coq,388,Admitted,
archive,02_FORMAL/coq/properties/_archive_deprecated/NonInterference_v2_DEFINITIVE_PATCH.v,coq,397,admit tactic,
archive,02_FORMAL/coq/properties/_archive_deprecated/NonInterference_v2_DEFINITIVE_PATCH.v,coq,398,Admitted,
archive,02_FORMAL/coq/properties/_archive_deprecated/NonInterference_v2_DEFINITIVE_PATCH.v,coq,413,admit tactic,
archive,02_FORMAL/coq/properties/_archive_deprecated/NonInterference_v2_DEFINITIVE_PATCH.v,coq,414,Admitted,
archive,02_FORMAL/coq/properties/_archive_deprecated/NonInterference_v2_DEFINITIVE_PATCH.v,coq,423,admit tactic,
archive,02_FORMAL/coq/properties/_archive_deprecated/NonInterference_v2_DEFINITIVE_PATCH.v,coq,424,Admitted,
archive,02_FORMAL/coq/properties/_archive_deprecated/NonInterference_v2_DEFINITIVE_PATCH.v,coq,433,admit tactic,
archive,02_FORMAL/coq/properties/_archive_deprecated/NonInterference_v2_DEFINITIVE_PATCH.v,coq,434,Admitted,
archive,02_FORMAL/coq/properties/_archive_deprecated/Phase3_Infrastructure_Helpers_FINAL.v,coq,45,Axiom,store_ty_extends_has_type
archive,02_FORMAL/coq/properties/_archive_deprecated/Phase3_Infrastructure_Helpers_FINAL.v,coq,77,Axiom,value_typing_from_val_rel_FO
archive,02_FORMAL/coq/properties/_archive_deprecated/Phase3_Infrastructure_Helpers_FINAL.v,coq,153,Axiom,FO_noninterference_pure
archive,02_FORMAL/coq/properties/_archive_deprecated/Phase3_Infrastructure_Helpers_FINAL.v,coq,174,Axiom,pure_eval_preserves_store
archive,02_FORMAL/coq/properties/_archive_deprecated/ReducibilityFull_FINAL.v,coq,658,admit tactic,
archive,02_FORMAL/coq/properties/_archive_deprecated/ReducibilityFull_FINAL.v,coq,659,Admitted,
archive,02_FORMAL/coq/properties/_archive_deprecated/ReducibilityFull_FINAL.v,coq,689,Axiom,store_wf_initial
archive,02_FORMAL/coq/properties/_archive_deprecated/ReducibilityFull_FINAL.v,coq,1028,admit tactic,
archive,02_FORMAL/coq/properties/_archive_deprecated/ReducibilityFull_FINAL.v,coq,1170,Admitted,
archive,02_FORMAL/coq/properties/_archive_deprecated/RelationBridge.v,coq,105,admit tactic,
archive,02_FORMAL/coq/properties/_archive_deprecated/RelationBridge.v,coq,106,Admitted,
archive,02_FORMAL/coq/properties/_archive_deprecated/RelationBridge.v,coq,115,admit tactic,
archive,02_FORMAL/coq/properties/_archive_deprecated/RelationBridge.v,coq,116,Admitted,
archive,02_FORMAL/coq/properties/_archive_deprecated/RelationBridge.v,coq,149,admit tactic,
archive,02_FORMAL/coq/properties/_archive_deprecated/RelationBridge.v,coq,150,Admitted,
archive,02_FORMAL/coq/properties/_archive_deprecated/RelationBridge.v,coq,162,admit tactic,
archive,02_FORMAL/coq/properties/_archive_deprecated/RelationBridge.v,coq,163,Admitted,
archive,02_FORMAL/coq/properties/_archive_deprecated/RelationBridge.v,coq,173,admit tactic,
archive,02_FORMAL/coq/properties/_archive_deprecated/RelationBridge.v,coq,174,Admitted,
archive,02_FORMAL/coq/properties/_archive_deprecated/StepUpFromSN.v,coq,270,admit tactic,
archive,02_FORMAL/coq/properties/_archive_deprecated/StepUpFromSN.v,coq,271,Admitted,
archive,02_FORMAL/coq/properties/_archive_deprecated/StepUpFromSN.v,coq,301,admit tactic,
archive,02_FORMAL/coq/properties/_archive_deprecated/StepUpFromSN.v,coq,309,admit tactic,
archive,02_FORMAL/coq/properties/_archive_deprecated/StepUpFromSN.v,coq,324,admit tactic,
archive,02_FORMAL/coq/properties/_archive_deprecated/StepUpFromSN.v,coq,325,Admitted,
archive,02_FORMAL/coq/properties/_archive_deprecated/StepUpFromSN.v,coq,388,admit tactic,
archive,02_FORMAL/coq/properties/_archive_deprecated/StepUpFromSN.v,coq,396,Admitted,
archive,02_FORMAL/coq/properties/_archive_deprecated/StrongNormalization_v2.v,coq,647,admit tactic,
archive,02_FORMAL/coq/properties/_archive_deprecated/StrongNormalization_v2.v,coq,653,admit tactic,
archive,02_FORMAL/coq/properties/_archive_deprecated/StrongNormalization_v2.v,coq,667,admit tactic,
archive,02_FORMAL/coq/properties/_archive_deprecated/StrongNormalization_v2.v,coq,675,admit tactic,
archive,02_FORMAL/coq/properties/_archive_deprecated/StrongNormalization_v2.v,coq,678,admit tactic,
archive,02_FORMAL/coq/properties/_archive_deprecated/StrongNormalization_v2.v,coq,679,admit tactic,
archive,02_FORMAL/coq/properties/_archive_deprecated/StrongNormalization_v2.v,coq,680,admit tactic,
archive,02_FORMAL/coq/properties/_archive_deprecated/StrongNormalization_v2.v,coq,681,admit tactic,
archive,02_FORMAL/coq/properties/_archive_deprecated/StrongNormalization_v2.v,coq,682,admit tactic,
archive,02_FORMAL/coq/properties/_archive_deprecated/StrongNormalization_v2.v,coq,683,admit tactic,
archive,02_FORMAL/coq/properties/_archive_deprecated/StrongNormalization_v2.v,coq,684,admit tactic,
archive,02_FORMAL/coq/properties/_archive_deprecated/StrongNormalization_v2.v,coq,685,admit tactic,
archive,02_FORMAL/coq/properties/_archive_deprecated/StrongNormalization_v2.v,coq,686,admit tactic,
archive,02_FORMAL/coq/properties/_archive_deprecated/StrongNormalization_v2.v,coq,687,admit tactic,
archive,02_FORMAL/coq/properties/_archive_deprecated/StrongNormalization_v2.v,coq,688,admit tactic,
archive,02_FORMAL/coq/properties/_archive_deprecated/StrongNormalization_v2.v,coq,689,admit tactic,
archive,02_FORMAL/coq/properties/_archive_deprecated/StrongNormalization_v2.v,coq,690,admit tactic,
archive,02_FORMAL/coq/properties/_archive_deprecated/StrongNormalization_v2.v,coq,691,admit tactic,
archive,02_FORMAL/coq/properties/_archive_deprecated/StrongNormalization_v2.v,coq,692,admit tactic,
archive,02_FORMAL/coq/properties/_archive_deprecated/StrongNormalization_v2.v,coq,693,admit tactic,
archive,02_FORMAL/coq/properties/_archive_deprecated/StrongNormalization_v2.v,coq,694,admit tactic,
archive,02_FORMAL/coq/properties/_archive_deprecated/StrongNormalization_v2.v,coq,695,Admitted,
archive,02_FORMAL/coq/properties/_archive_deprecated/StrongNormalization_v2.v,coq,729,admit tactic,
archive,02_FORMAL/coq/properties/_archive_deprecated/StrongNormalization_v2.v,coq,732,admit tactic,
archive,02_FORMAL/coq/properties/_archive_deprecated/StrongNormalization_v2.v,coq,734,admit tactic,
archive,02_FORMAL/coq/properties/_archive_deprecated/StrongNormalization_v2.v,coq,736,admit tactic,
archive,02_FORMAL/coq/properties/_archive_deprecated/StrongNormalization_v2.v,coq,741,admit tactic,
archive,02_FORMAL/coq/properties/_archive_deprecated/StrongNormalization_v2.v,coq,745,admit tactic,
archive,02_FORMAL/coq/properties/_archive_deprecated/StrongNormalization_v2.v,coq,749,admit tactic,
archive,02_FORMAL/coq/properties/_archive_deprecated/StrongNormalization_v2.v,coq,750,Admitted,
archive,02_FORMAL/coq/properties/_archive_deprecated/StrongNormalization_v2.v,coq,799,admit tactic,
archive,02_FORMAL/coq/properties/_archive_deprecated/StrongNormalization_v2.v,coq,807,admit tactic,
archive,02_FORMAL/coq/properties/_archive_deprecated/StrongNormalization_v2.v,coq,808,Admitted,
archive,02_FORMAL/coq/properties/_archive_deprecated/TypedConversion.v,coq,309,admit tactic,
archive,02_FORMAL/coq/properties/_archive_deprecated/TypedConversion.v,coq,310,Admitted,
archive,02_FORMAL/coq/properties/_archive_deprecated/TypedConversion.v,coq,384,admit tactic,
archive,02_FORMAL/coq/properties/_archive_deprecated/TypedConversion.v,coq,385,Admitted,
archive,02_FORMAL/coq/properties/_archive_deprecated/TypedConversion.v,coq,394,admit tactic,
archive,02_FORMAL/coq/properties/_archive_deprecated/TypedConversion.v,coq,395,Admitted,
archive,02_FORMAL/coq/properties/_archive_deprecated/TypedConversion.v,coq,437,admit tactic,
archive,02_FORMAL/coq/properties/_archive_deprecated/TypedConversion.v,coq,438,Admitted,
archive,02_FORMAL/coq/properties/_archive_deprecated/TypedConversion.v,coq,540,Admitted,
archive,02_FORMAL/coq/properties/_archive_deprecated/store_rel_weaken_dropin.v,coq,102,admit tactic,
archive,02_FORMAL/coq/properties/_archive_deprecated/store_rel_weaken_dropin.v,coq,116,admit tactic,
archive,02_FORMAL/coq/properties/_archive_deprecated/store_rel_weaken_dropin.v,coq,118,Admitted,
archive,02_FORMAL/coq/properties/_archive_deprecated/store_rel_weaken_proof.v,coq,72,Axiom,val_rel_n_fo_sigma_independent
archive,02_FORMAL/coq/properties/_archive_deprecated/store_rel_weaken_proof.v,coq,99,Axiom,val_rel_n_weaken_general
archive,06_COORDINATION/archive/ReducibilityFull.v,coq,43,Axiom,pure_step_deterministic
archive,06_COORDINATION/archive/axiom_proofs_refined.v,coq,119,Admitted,
archive,06_COORDINATION/archive/axiom_proofs_refined.v,coq,314,admit tactic,
archive,06_COORDINATION/archive/axiom_proofs_refined.v,coq,316,admit tactic,
archive,06_COORDINATION/archive/axiom_proofs_refined.v,coq,318,admit tactic,
archive,06_COORDINATION/archive/axiom_proofs_refined.v,coq,320,admit tactic,
archive,06_COORDINATION/archive/axiom_proofs_refined.v,coq,322,admit tactic,
archive,06_COORDINATION/archive/axiom_proofs_refined.v,coq,326,admit tactic,
archive,06_COORDINATION/archive/axiom_proofs_refined.v,coq,342,admit tactic,
archive,06_COORDINATION/archive/axiom_proofs_refined.v,coq,345,admit tactic,
archive,06_COORDINATION/archive/axiom_proofs_refined.v,coq,346,admit tactic,
archive,06_COORDINATION/archive/axiom_proofs_refined.v,coq,347,Admitted,
archive,06_COORDINATION/archive/axiom_proofs_refined.v,coq,371,admit tactic,
archive,06_COORDINATION/archive/axiom_proofs_refined.v,coq,374,admit tactic,
archive,06_COORDINATION/archive/axiom_proofs_refined.v,coq,392,admit tactic,
archive,06_COORDINATION/archive/axiom_proofs_refined.v,coq,393,Admitted,
archive,06_COORDINATION/archive/axiom_proofs_refined.v,coq,562,admit tactic,
archive,06_COORDINATION/archive/axiom_proofs_refined.v,coq,563,Admitted,
archive,06_COORDINATION/archive/session38_work/FundamentalTheorem.v,coq,421,admit tactic,
archive,06_COORDINATION/archive/session38_work/FundamentalTheorem.v,coq,423,Admitted,
archive,06_COORDINATION/archive/session38_work/FundamentalTheorem.v,coq,462,admit tactic,
archive,06_COORDINATION/archive/session38_work/FundamentalTheorem.v,coq,464,Admitted,
archive,06_COORDINATION/archive/session38_work/FundamentalTheorem.v,coq,494,admit tactic,
archive,06_COORDINATION/archive/session38_work/FundamentalTheorem.v,coq,495,Admitted,
archive,06_COORDINATION/archive/session38_work/FundamentalTheorem.v,coq,520,admit tactic,
archive,06_COORDINATION/archive/session38_work/FundamentalTheorem.v,coq,521,Admitted,
archive,06_COORDINATION/archive/session38_work/FundamentalTheorem.v,coq,539,admit tactic,
archive,06_COORDINATION/archive/session38_work/FundamentalTheorem.v,coq,540,Admitted,
archive,06_COORDINATION/archive/session38_work/FundamentalTheorem.v,coq,556,admit tactic,
archive,06_COORDINATION/archive/session38_work/FundamentalTheorem.v,coq,557,Admitted,
archive,06_COORDINATION/archive/session38_work/FundamentalTheorem.v,coq,581,admit tactic,
archive,06_COORDINATION/archive/session38_work/FundamentalTheorem.v,coq,582,admit tactic,
archive,06_COORDINATION/archive/session38_work/FundamentalTheorem.v,coq,586,admit tactic,
archive,06_COORDINATION/archive/session38_work/FundamentalTheorem.v,coq,588,Admitted,
archive,06_COORDINATION/archive/session38_work/FundamentalTheorem.v,coq,600,admit tactic,
archive,06_COORDINATION/archive/session38_work/FundamentalTheorem.v,coq,601,Admitted,
archive,06_COORDINATION/archive/session38_work/FundamentalTheorem.v,coq,629,admit tactic,
archive,06_COORDINATION/archive/session38_work/FundamentalTheorem.v,coq,630,Admitted,
archive,06_COORDINATION/archive/session38_work/FundamentalTheorem.v,coq,661,admit tactic,
archive,06_COORDINATION/archive/session38_work/FundamentalTheorem.v,coq,663,admit tactic,
archive,06_COORDINATION/archive/session38_work/FundamentalTheorem.v,coq,664,Admitted,
archive,06_COORDINATION/archive/session38_work/FundamentalTheorem.v,coq,683,admit tactic,
archive,06_COORDINATION/archive/session38_work/FundamentalTheorem.v,coq,684,Admitted,
archive,06_COORDINATION/archive/session38_work/FundamentalTheorem.v,coq,700,admit tactic,
archive,06_COORDINATION/archive/session38_work/FundamentalTheorem.v,coq,701,Admitted,
archive,06_COORDINATION/archive/session38_work/FundamentalTheorem.v,coq,719,admit tactic,
archive,06_COORDINATION/archive/session38_work/FundamentalTheorem.v,coq,720,Admitted,
archive,06_COORDINATION/archive/session38_work/FundamentalTheorem.v,coq,736,admit tactic,
archive,06_COORDINATION/archive/session38_work/FundamentalTheorem.v,coq,737,Admitted,
archive,06_COORDINATION/archive/session38_work/FundamentalTheorem.v,coq,749,admit tactic,
archive,06_COORDINATION/archive/session38_work/FundamentalTheorem.v,coq,750,Admitted,
archive,06_COORDINATION/archive/session38_work/FundamentalTheorem.v,coq,763,admit tactic,
archive,06_COORDINATION/archive/session38_work/FundamentalTheorem.v,coq,764,Admitted,
archive,06_COORDINATION/archive/session38_work/FundamentalTheorem.v,coq,788,admit tactic,
archive,06_COORDINATION/archive/session38_work/FundamentalTheorem.v,coq,789,admit tactic,
archive,06_COORDINATION/archive/session38_work/FundamentalTheorem.v,coq,794,admit tactic,
archive,06_COORDINATION/archive/session38_work/FundamentalTheorem.v,coq,796,Admitted,
archive,06_COORDINATION/archive/session38_work/FundamentalTheorem.v,coq,809,admit tactic,
archive,06_COORDINATION/archive/session38_work/FundamentalTheorem.v,coq,810,Admitted,
archive,06_COORDINATION/archive/session38_work/FundamentalTheorem.v,coq,829,admit tactic,
archive,06_COORDINATION/archive/session38_work/FundamentalTheorem.v,coq,830,admit tactic,
archive,06_COORDINATION/archive/session38_work/FundamentalTheorem.v,coq,834,admit tactic,
archive,06_COORDINATION/archive/session38_work/FundamentalTheorem.v,coq,836,Admitted,
archive,06_COORDINATION/archive/session38_work/FundamentalTheorem.v,coq,852,admit tactic,
archive,06_COORDINATION/archive/session38_work/FundamentalTheorem.v,coq,853,Admitted,
archive,06_COORDINATION/archive/session38_work/FundamentalTheorem.v,coq,865,admit tactic,
archive,06_COORDINATION/archive/session38_work/FundamentalTheorem.v,coq,866,Admitted,
archive,06_COORDINATION/archive/session38_work/FundamentalTheorem.v,coq,923,admit tactic,
archive,06_COORDINATION/archive/session38_work/FundamentalTheorem.v,coq,1049,Admitted,
archive,06_COORDINATION/archive/session38_work/FundamentalTheorem.v,coq,1068,admit tactic,
archive,06_COORDINATION/archive/session38_work/FundamentalTheorem.v,coq,1072,Admitted,
archive,06_COORDINATION/archive/session38_work/FundamentalTheorem.v,coq,1099,admit tactic,
archive,06_COORDINATION/archive/session38_work/FundamentalTheorem.v,coq,1113,Admitted,
archive,06_COORDINATION/archive/session38_work/NonInterference_v2_fixed.v,coq,1111,admit tactic,
archive,06_COORDINATION/archive/session38_work/NonInterference_v2_fixed.v,coq,1180,admit tactic,
archive,06_COORDINATION/archive/session38_work/NonInterference_v2_fixed.v,coq,1181,Admitted,
archive,06_COORDINATION/archive/session38_work/NonInterference_v2_fixed.v,coq,1361,admit tactic,
archive,06_COORDINATION/archive/session38_work/NonInterference_v2_fixed.v,coq,1366,admit tactic,
archive,06_COORDINATION/archive/session38_work/NonInterference_v2_fixed.v,coq,1379,Admitted,
archive,06_COORDINATION/archive/session38_work/NonInterference_v2_fixed.v,coq,1462,admit tactic,
archive,06_COORDINATION/archive/session38_work/NonInterference_v2_fixed.v,coq,1477,Admitted,
archive,06_COORDINATION/archive/session38_work/StoreTypingLemmas.v,coq,199,admit tactic,
archive,06_COORDINATION/archive/session38_work/StoreTypingLemmas.v,coq,208,Admitted,
archive,06_COORDINATION/archive/session38_work/StoreWFPreservation.v,coq,197,Axiom,has_type_store_extends
archive,06_COORDINATION/archive/session38_work/StoreWFPreservation.v,coq,397,admit tactic,
archive,06_COORDINATION/archive/session38_work/StoreWFPreservation.v,coq,487,Admitted,
archive,06_COORDINATION/archive/session38_work/StoreWFPreservation.v,coq,570,admit tactic,
archive,06_COORDINATION/archive/session38_work/StoreWFPreservation.v,coq,571,Admitted,
archive,06_COORDINATION/archive/session38_work/StoreWFPreservation.v,coq,626,admit tactic,
archive,06_COORDINATION/archive/session38_work/StoreWFPreservation.v,coq,647,Admitted,
archive,06_COORDINATION/archive/session38_work/StoreWFPreservation.v,coq,698,admit tactic,
archive,06_COORDINATION/archive/session38_work/StoreWFPreservation.v,coq,714,Admitted,
archive,99_ARCHIVE/claude_web_session46_outputs/Prompt3_Declassification.v,coq,676,Admitted,
archive,99_ARCHIVE/claude_web_session46_outputs/Prompt3_Declassification.v,coq,696,Admitted,
archive,99_ARCHIVE/claude_web_session46_outputs/Prompt3_Declassification.v,coq,812,Admitted,
archive,99_ARCHIVE/claude_web_session46_outputs/Prompt3_Declassification.v,coq,839,Admitted,
archive,99_ARCHIVE/claude_web_session46_outputs/Prompt3_Declassification.v,coq,880,Admitted,
archive,99_ARCHIVE/claude_web_session46_outputs/Prompt5_SN_Final.v,coq,215,admit tactic,
archive,99_ARCHIVE/claude_web_session46_outputs/Prompt5_SN_Final.v,coq,217,admit tactic,
archive,99_ARCHIVE/claude_web_session46_outputs/Prompt5_SN_Final.v,coq,218,Admitted,
archive,99_ARCHIVE/claude_web_session46_outputs/Prompt5_SN_Final.v,coq,261,admit tactic,
archive,99_ARCHIVE/claude_web_session46_outputs/Prompt5_SN_Final.v,coq,262,Admitted,
archive,99_ARCHIVE/phase4_standalone_proofs/LogicalRelationAssign_PROOF_COMPLETE.v,coq,497,Admitted,
archive,99_ARCHIVE/phase4_standalone_proofs/LogicalRelationAssign_PROOF_COMPLETE.v,coq,611,admit tactic,
archive,99_ARCHIVE/phase4_standalone_proofs/LogicalRelationAssign_PROOF_COMPLETE.v,coq,619,admit tactic,
archive,99_ARCHIVE/phase4_standalone_proofs/LogicalRelationAssign_PROOF_COMPLETE.v,coq,627,admit tactic,
archive,99_ARCHIVE/phase4_standalone_proofs/LogicalRelationAssign_PROOF_COMPLETE.v,coq,639,admit tactic,
archive,99_ARCHIVE/phase4_standalone_proofs/LogicalRelationAssign_PROOF_COMPLETE.v,coq,646,admit tactic,
archive,99_ARCHIVE/phase4_standalone_proofs/LogicalRelationAssign_PROOF_COMPLETE.v,coq,647,Admitted,
archive,99_ARCHIVE/phase4_standalone_proofs/LogicalRelationDeref_PROOF_COMPLETE.v,coq,305,admit tactic,
archive,99_ARCHIVE/phase4_standalone_proofs/LogicalRelationDeref_PROOF_COMPLETE.v,coq,310,Admitted,
archive,99_ARCHIVE/phase4_standalone_proofs/LogicalRelationDeref_PROOF_COMPLETE.v,coq,413,admit tactic,
archive,99_ARCHIVE/phase4_standalone_proofs/LogicalRelationDeref_PROOF_COMPLETE.v,coq,414,Admitted,
archive,99_ARCHIVE/phase4_standalone_proofs/LogicalRelationDeref_PROOF_COMPLETE.v,coq,478,Admitted,
archive,99_ARCHIVE/phase4_standalone_proofs/LogicalRelationDeref_PROOF_COMPLETE.v,coq,644,admit tactic,
archive,99_ARCHIVE/phase4_standalone_proofs/LogicalRelationDeref_PROOF_COMPLETE.v,coq,649,admit tactic,
archive,99_ARCHIVE/phase4_standalone_proofs/LogicalRelationDeref_PROOF_COMPLETE.v,coq,659,admit tactic,
archive,99_ARCHIVE/phase4_standalone_proofs/LogicalRelationDeref_PROOF_COMPLETE.v,coq,664,admit tactic,
archive,99_ARCHIVE/phase4_standalone_proofs/LogicalRelationDeref_PROOF_COMPLETE.v,coq,669,admit tactic,
archive,99_ARCHIVE/phase4_standalone_proofs/LogicalRelationDeref_PROOF_COMPLETE.v,coq,674,admit tactic,
archive,99_ARCHIVE/phase4_standalone_proofs/LogicalRelationDeref_PROOF_COMPLETE.v,coq,675,Admitted,
archive,99_ARCHIVE/root_cleanup_session47/NonInterference_v2_claude_web_prompt7.v,coq,1050,admit tactic,
archive,99_ARCHIVE/root_cleanup_session47/NonInterference_v2_claude_web_prompt7.v,coq,1052,admit tactic,
archive,99_ARCHIVE/root_cleanup_session47/NonInterference_v2_claude_web_prompt7.v,coq,1089,Admitted,
archive,99_ARCHIVE/root_cleanup_session47/NonInterference_v2_claude_web_prompt7.v,coq,1189,admit tactic,
archive,99_ARCHIVE/root_cleanup_session47/NonInterference_v2_claude_web_prompt7.v,coq,1190,Admitted,
archive,99_ARCHIVE/root_cleanup_session47/NonInterference_v2_claude_web_prompt7.v,coq,1245,admit tactic,
archive,99_ARCHIVE/root_cleanup_session47/NonInterference_v2_claude_web_prompt7.v,coq,1250,admit tactic,
archive,99_ARCHIVE/root_cleanup_session47/NonInterference_v2_claude_web_prompt7.v,coq,1251,admit tactic,
archive,99_ARCHIVE/root_cleanup_session47/NonInterference_v2_claude_web_prompt7.v,coq,1252,admit tactic,
archive,99_ARCHIVE/root_cleanup_session47/NonInterference_v2_claude_web_prompt7.v,coq,1253,admit tactic,
archive,99_ARCHIVE/root_cleanup_session47/NonInterference_v2_claude_web_prompt7.v,coq,1265,Admitted,
archive,99_ARCHIVE/root_cleanup_session47/NonInterference_v2_claude_web_prompt7.v,coq,1322,admit tactic,
archive,99_ARCHIVE/root_cleanup_session47/NonInterference_v2_claude_web_prompt7.v,coq,1327,Admitted,
archive,99_ARCHIVE/root_cleanup_session47/Prompt3_Declassification.v,coq,676,Admitted,
archive,99_ARCHIVE/root_cleanup_session47/Prompt3_Declassification.v,coq,696,Admitted,
archive,99_ARCHIVE/root_cleanup_session47/Prompt3_Declassification.v,coq,812,Admitted,
archive,99_ARCHIVE/root_cleanup_session47/Prompt3_Declassification.v,coq,839,Admitted,
archive,99_ARCHIVE/root_cleanup_session47/Prompt3_Declassification.v,coq,880,Admitted,
archive,99_ARCHIVE/root_cleanup_session47/Prompt5_SN_Final.v,coq,215,admit tactic,
archive,99_ARCHIVE/root_cleanup_session47/Prompt5_SN_Final.v,coq,217,admit tactic,
archive,99_ARCHIVE/root_cleanup_session47/Prompt5_SN_Final.v,coq,218,Admitted,
archive,99_ARCHIVE/root_cleanup_session47/Prompt5_SN_Final.v,coq,261,admit tactic,
archive,99_ARCHIVE/root_cleanup_session47/Prompt5_SN_Final.v,coq,262,Admitted,
archive,99_ARCHIVE/superseded_patches/NonInterference_v2_PATCH.v,coq,129,admit tactic,
archive,99_ARCHIVE/superseded_patches/NonInterference_v2_PATCH.v,coq,146,admit tactic,
archive,99_ARCHIVE/superseded_patches/NonInterference_v2_PATCH.v,coq,161,admit tactic,
archive,99_ARCHIVE/superseded_patches/NonInterference_v2_PATCH.v,coq,162,Admitted,
archive,99_ARCHIVE/superseded_patches/NonInterference_v2_PATCH.v,coq,223,admit tactic,
archive,99_ARCHIVE/superseded_patches/NonInterference_v2_PATCH.v,coq,225,admit tactic,
archive,99_ARCHIVE/superseded_patches/NonInterference_v2_PATCH.v,coq,258,admit tactic,
archive,99_ARCHIVE/superseded_patches/NonInterference_v2_PATCH.v,coq,259,admit tactic,
archive,99_ARCHIVE/superseded_patches/NonInterference_v2_PATCH.v,coq,262,admit tactic,
archive,99_ARCHIVE/superseded_patches/NonInterference_v2_PATCH.v,coq,265,admit tactic,
archive,99_ARCHIVE/superseded_patches/NonInterference_v2_PATCH.v,coq,266,admit tactic,
archive,99_ARCHIVE/superseded_patches/NonInterference_v2_PATCH.v,coq,269,admit tactic,
archive,99_ARCHIVE/superseded_patches/NonInterference_v2_PATCH.v,coq,270,admit tactic,
archive,99_ARCHIVE/superseded_patches/NonInterference_v2_PATCH.v,coq,271,Admitted,
archive,99_ARCHIVE/superseded_patches/NonInterference_v2_PATCH.v,coq,328,admit tactic,
archive,99_ARCHIVE/superseded_patches/NonInterference_v2_PATCH.v,coq,329,Admitted,
archive,99_ARCHIVE/superseded_patches/NonInterference_v2_PATCH.v,coq,376,admit tactic,
archive,99_ARCHIVE/superseded_patches/NonInterference_v2_PATCH.v,coq,382,admit tactic,
archive,99_ARCHIVE/superseded_patches/NonInterference_v2_PATCH.v,coq,432,admit tactic,
archive,99_ARCHIVE/superseded_patches/NonInterference_v2_PATCH.v,coq,446,admit tactic,
archive,99_ARCHIVE/superseded_patches/NonInterference_v2_PATCH.v,coq,448,admit tactic,
archive,99_ARCHIVE/superseded_patches/NonInterference_v2_PATCH.v,coq,449,admit tactic,
archive,99_ARCHIVE/superseded_patches/NonInterference_v2_PATCH.v,coq,450,admit tactic,
archive,99_ARCHIVE/superseded_patches/NonInterference_v2_PATCH.v,coq,451,Admitted,
archive,99_ARCHIVE/superseded_patches/ReducibilityFull_FIXED.v,coq,296,admit tactic,
archive,99_ARCHIVE/superseded_patches/ReducibilityFull_FIXED.v,coq,305,Admitted,
archive,99_ARCHIVE/superseded_patches/ReducibilityFull_FIXED.v,coq,431,admit tactic,
archive,99_ARCHIVE/superseded_patches/ReducibilityFull_FIXED.v,coq,442,admit tactic,
archive,99_ARCHIVE/superseded_patches/ReducibilityFull_FIXED.v,coq,444,admit tactic,
archive,99_ARCHIVE/superseded_patches/ReducibilityFull_FIXED.v,coq,450,admit tactic,
archive,99_ARCHIVE/superseded_patches/ReducibilityFull_FIXED.v,coq,455,admit tactic,
archive,99_ARCHIVE/superseded_patches/ReducibilityFull_FIXED.v,coq,464,Admitted,
archive,99_ARCHIVE/superseded_patches/ReducibilityFull_FIXED.v,coq,526,admit tactic,
archive,99_ARCHIVE/superseded_patches/ReducibilityFull_FIXED.v,coq,527,Admitted,
archive,99_ARCHIVE/superseded_patches/ReducibilityFull_FIXED.v,coq,571,Admitted,
archive,99_ARCHIVE/superseded_patches/ReducibilityFull_FIXED.v,coq,589,admit tactic,
archive,99_ARCHIVE/superseded_patches/ReducibilityFull_FIXED.v,coq,593,Admitted,
archive,99_ARCHIVE/superseded_patches/ReducibilityFull_PATCH.v,coq,181,Axiom,store_wf_global
archive,99_ARCHIVE/superseded_patches/ReducibilityFull_PATCH.v,coq,200,Axiom,lambda_body_SN
archive,99_ARCHIVE/superseded_patches/ReducibilityFull_PATCH.v,coq,259,admit tactic,
archive,99_ARCHIVE/superseded_patches/ReducibilityFull_PATCH.v,coq,394,Admitted,
archive,99_ARCHIVE/superseded_patches/ReducibilityFull_PROVEN.v,coq,488,admit tactic,
archive,99_ARCHIVE/superseded_patches/ReducibilityFull_PROVEN.v,coq,489,Admitted,
archive,99_ARCHIVE/superseded_patches/ReducibilityFull_PROVEN.v,coq,535,Axiom,store_wf_global
archive,99_ARCHIVE/superseded_patches/ReducibilityFull_PROVEN.v,coq,601,admit tactic,
archive,99_ARCHIVE/superseded_patches/ReducibilityFull_PROVEN.v,coq,611,admit tactic,
archive,99_ARCHIVE/superseded_patches/ReducibilityFull_PROVEN.v,coq,649,admit tactic,
archive,99_ARCHIVE/superseded_patches/ReducibilityFull_PROVEN.v,coq,665,admit tactic,
archive,99_ARCHIVE/superseded_patches/ReducibilityFull_PROVEN.v,coq,693,admit tactic,
archive,99_ARCHIVE/superseded_patches/ReducibilityFull_PROVEN.v,coq,719,admit tactic,
archive,99_ARCHIVE/superseded_patches/ReducibilityFull_PROVEN.v,coq,743,admit tactic,
archive,99_ARCHIVE/superseded_patches/ReducibilityFull_PROVEN.v,coq,776,Admitted,
inactive_nonarchive,02_FORMAL/lean/RIINA/Compliance/DO178CCompliance.lean,lean,280,sorry,
inactive_nonarchive,02_FORMAL/lean/RIINA/Compliance/DO178CCompliance.lean,lean,407,sorry,
inactive_nonarchive,02_FORMAL/lean/RIINA/Compliance/HIPAACompliance.lean,lean,171,sorry,
inactive_nonarchive,02_FORMAL/lean/RIINA/Compliance/HIPAACompliance.lean,lean,198,sorry,
inactive_nonarchive,02_FORMAL/lean/RIINA/Compliance/PCIDSSCompliance.lean,lean,239,sorry,
inactive_nonarchive,02_FORMAL/lean/RIINA/Domains/AlgebraicEffects.lean,lean,116,sorry,
inactive_nonarchive,02_FORMAL/lean/RIINA/Domains/AuthenticationSecurity.lean,lean,196,sorry,
inactive_nonarchive,02_FORMAL/lean/RIINA/Domains/BackendComposition.lean,lean,68,sorry,
inactive_nonarchive,02_FORMAL/lean/RIINA/Domains/CSRFProtection.lean,lean,96,sorry,
inactive_nonarchive,02_FORMAL/lean/RIINA/Domains/CapabilitySecurity.lean,lean,323,sorry,
inactive_nonarchive,02_FORMAL/lean/RIINA/Domains/CapitalMarkets.lean,lean,118,sorry,
inactive_nonarchive,02_FORMAL/lean/RIINA/Domains/CommonCriteriaEAL7.lean,lean,310,sorry,
inactive_nonarchive,02_FORMAL/lean/RIINA/Domains/CovertChannels.lean,lean,180,sorry,
inactive_nonarchive,02_FORMAL/lean/RIINA/Domains/CovertChannels.lean,lean,183,sorry,
inactive_nonarchive,02_FORMAL/lean/RIINA/Domains/CovertChannels.lean,lean,226,sorry,
inactive_nonarchive,02_FORMAL/lean/RIINA/Domains/CrossLayerSecurity.lean,lean,74,sorry,
inactive_nonarchive,02_FORMAL/lean/RIINA/Domains/CrossLayerSecurity.lean,lean,77,sorry,
inactive_nonarchive,02_FORMAL/lean/RIINA/Domains/CrossLayerSecurity.lean,lean,80,sorry,
inactive_nonarchive,02_FORMAL/lean/RIINA/Domains/DELTA001_VerifiedDistribution.lean,lean,156,sorry,
inactive_nonarchive,02_FORMAL/lean/RIINA/Domains/DO178CCompliance.lean,lean,192,sorry,
inactive_nonarchive,02_FORMAL/lean/RIINA/Domains/DO178CCompliance.lean,lean,286,sorry,
inactive_nonarchive,02_FORMAL/lean/RIINA/Domains/DigitalWallet.lean,lean,346,sorry,
inactive_nonarchive,02_FORMAL/lean/RIINA/Domains/DigitalWallet.lean,lean,349,sorry,
inactive_nonarchive,02_FORMAL/lean/RIINA/Domains/EnterpriseERP.lean,lean,129,sorry,
inactive_nonarchive,02_FORMAL/lean/RIINA/Domains/FormalVerification.lean,lean,294,sorry,
inactive_nonarchive,02_FORMAL/lean/RIINA/Domains/FormalVerification.lean,lean,337,sorry,
inactive_nonarchive,02_FORMAL/lean/RIINA/Domains/FormalVerification.lean,lean,356,sorry,
inactive_nonarchive,02_FORMAL/lean/RIINA/Domains/FormalVerification.lean,lean,383,sorry,
inactive_nonarchive,02_FORMAL/lean/RIINA/Domains/FullstackSecurity.lean,lean,90,sorry,
inactive_nonarchive,02_FORMAL/lean/RIINA/Domains/FullstackSecurity.lean,lean,114,sorry,
inactive_nonarchive,02_FORMAL/lean/RIINA/Domains/FutureSecurity.lean,lean,332,sorry,
inactive_nonarchive,02_FORMAL/lean/RIINA/Domains/FutureSecurity.lean,lean,395,sorry,
inactive_nonarchive,02_FORMAL/lean/RIINA/Domains/HIPAACompliance.lean,lean,177,sorry,
inactive_nonarchive,02_FORMAL/lean/RIINA/Domains/HIPAACompliance.lean,lean,204,sorry,
inactive_nonarchive,02_FORMAL/lean/RIINA/Domains/HealthcareIS.lean,lean,499,sorry,
inactive_nonarchive,02_FORMAL/lean/RIINA/Domains/HealthcareIS.lean,lean,511,sorry,
inactive_nonarchive,02_FORMAL/lean/RIINA/Domains/HealthcareIS.lean,lean,514,sorry,
inactive_nonarchive,02_FORMAL/lean/RIINA/Domains/HealthcareIS.lean,lean,541,sorry,
inactive_nonarchive,02_FORMAL/lean/RIINA/Domains/HealthcareIS.lean,lean,556,sorry,
inactive_nonarchive,02_FORMAL/lean/RIINA/Domains/HumanFactorSecurity.lean,lean,258,sorry,
inactive_nonarchive,02_FORMAL/lean/RIINA/Domains/HumanFactorSecurity.lean,lean,261,sorry,
inactive_nonarchive,02_FORMAL/lean/RIINA/Domains/HumanFactorSecurity.lean,lean,281,sorry,
inactive_nonarchive,02_FORMAL/lean/RIINA/Domains/HumanFactorSecurity.lean,lean,284,sorry,
inactive_nonarchive,02_FORMAL/lean/RIINA/Domains/HumanFactorSecurity.lean,lean,315,sorry,
inactive_nonarchive,02_FORMAL/lean/RIINA/Domains/HumanFactorSecurity.lean,lean,326,sorry,
inactive_nonarchive,02_FORMAL/lean/RIINA/Domains/HumanFactorSecurity.lean,lean,329,sorry,
inactive_nonarchive,02_FORMAL/lean/RIINA/Domains/ISO26262Compliance.lean,lean,151,sorry,
inactive_nonarchive,02_FORMAL/lean/RIINA/Domains/ISO26262Compliance.lean,lean,198,sorry,
inactive_nonarchive,02_FORMAL/lean/RIINA/Domains/InjectionPrevention.lean,lean,137,sorry,
inactive_nonarchive,02_FORMAL/lean/RIINA/Domains/IrisSeparationLogic.lean,lean,86,sorry,
inactive_nonarchive,02_FORMAL/lean/RIINA/Domains/KeyLifecycle.lean,lean,99,sorry,
inactive_nonarchive,02_FORMAL/lean/RIINA/Domains/LinearTypes.lean,lean,116,sorry,
inactive_nonarchive,02_FORMAL/lean/RIINA/Domains/LinearTypes.lean,lean,119,sorry,
inactive_nonarchive,02_FORMAL/lean/RIINA/Domains/LinearTypes.lean,lean,122,sorry,
inactive_nonarchive,02_FORMAL/lean/RIINA/Domains/LinearTypes.lean,lean,125,sorry,
inactive_nonarchive,02_FORMAL/lean/RIINA/Domains/LinearTypes.lean,lean,178,sorry,
inactive_nonarchive,02_FORMAL/lean/RIINA/Domains/MalaysiaBNMRMiT.lean,lean,101,sorry,
inactive_nonarchive,02_FORMAL/lean/RIINA/Domains/MalaysiaMAMPU.lean,lean,79,sorry,
inactive_nonarchive,02_FORMAL/lean/RIINA/Domains/MalaysiaMAMPU.lean,lean,90,sorry,
inactive_nonarchive,02_FORMAL/lean/RIINA/Domains/MalaysiaPDPA.lean,lean,152,sorry,
inactive_nonarchive,02_FORMAL/lean/RIINA/Domains/MalaysiaPDPA.lean,lean,159,sorry,
inactive_nonarchive,02_FORMAL/lean/RIINA/Domains/MalaysiaPDPA.lean,lean,168,sorry,
inactive_nonarchive,02_FORMAL/lean/RIINA/Domains/MemorySafety.lean,lean,379,sorry,
inactive_nonarchive,02_FORMAL/lean/RIINA/Domains/MemorySafety.lean,lean,382,sorry,
inactive_nonarchive,02_FORMAL/lean/RIINA/Domains/MemorySafety.lean,lean,385,sorry,
inactive_nonarchive,02_FORMAL/lean/RIINA/Domains/MemorySafety.lean,lean,400,sorry,
inactive_nonarchive,02_FORMAL/lean/RIINA/Domains/MemorySafety.lean,lean,403,sorry,
inactive_nonarchive,02_FORMAL/lean/RIINA/Domains/MetadataPrivacy.lean,lean,90,sorry,
inactive_nonarchive,02_FORMAL/lean/RIINA/Domains/Metaprogramming.lean,lean,279,sorry,
inactive_nonarchive,02_FORMAL/lean/RIINA/Domains/Metaprogramming.lean,lean,286,sorry,
inactive_nonarchive,02_FORMAL/lean/RIINA/Domains/Metaprogramming.lean,lean,302,sorry,
inactive_nonarchive,02_FORMAL/lean/RIINA/Domains/Metaprogramming.lean,lean,325,sorry,
inactive_nonarchive,02_FORMAL/lean/RIINA/Domains/Metaprogramming.lean,lean,328,sorry,
inactive_nonarchive,02_FORMAL/lean/RIINA/Domains/MobileBridgeVerification.lean,lean,126,sorry,
inactive_nonarchive,02_FORMAL/lean/RIINA/Domains/MobileOS/AnimationSystem.lean,lean,174,sorry,
inactive_nonarchive,02_FORMAL/lean/RIINA/Domains/MobileOS/AnimationSystem.lean,lean,212,sorry,
inactive_nonarchive,02_FORMAL/lean/RIINA/Domains/MobileOS/AppDistribution.lean,lean,262,sorry,
inactive_nonarchive,02_FORMAL/lean/RIINA/Domains/MobileOS/AppDistribution.lean,lean,296,sorry,
inactive_nonarchive,02_FORMAL/lean/RIINA/Domains/MobileOS/ApplicationLifecycle.lean,lean,153,sorry,
inactive_nonarchive,02_FORMAL/lean/RIINA/Domains/MobileOS/ApplicationLifecycle.lean,lean,164,sorry,
inactive_nonarchive,02_FORMAL/lean/RIINA/Domains/MobileOS/ApplicationLifecycle.lean,lean,171,sorry,
inactive_nonarchive,02_FORMAL/lean/RIINA/Domains/MobileOS/BiometricSystem.lean,lean,152,sorry,
inactive_nonarchive,02_FORMAL/lean/RIINA/Domains/MobileOS/ConcurrencyFramework.lean,lean,169,sorry,
inactive_nonarchive,02_FORMAL/lean/RIINA/Domains/MobileOS/FileSystem.lean,lean,248,sorry,
inactive_nonarchive,02_FORMAL/lean/RIINA/Domains/MobileOS/NetworkingStack.lean,lean,209,sorry,
inactive_nonarchive,02_FORMAL/lean/RIINA/Domains/MobileOS/PowerManagement.lean,lean,170,sorry,
inactive_nonarchive,02_FORMAL/lean/RIINA/Domains/MobileOS/PowerManagement.lean,lean,173,sorry,
inactive_nonarchive,02_FORMAL/lean/RIINA/Domains/MobileOS/TouchGestureSystem.lean,lean,139,sorry,
inactive_nonarchive,02_FORMAL/lean/RIINA/Domains/MobileOS/UIComponents.lean,lean,258,sorry,
inactive_nonarchive,02_FORMAL/lean/RIINA/Domains/MobileOS/UIComponents.lean,lean,265,sorry,
inactive_nonarchive,02_FORMAL/lean/RIINA/Domains/MobileOS/UIComponents.lean,lean,280,sorry,
inactive_nonarchive,02_FORMAL/lean/RIINA/Domains/MobileOS/VoiceAssistant.lean,lean,284,sorry,
inactive_nonarchive,02_FORMAL/lean/RIINA/Domains/MobileOS/WirelessProtocols.lean,lean,208,sorry,
inactive_nonarchive,02_FORMAL/lean/RIINA/Domains/MobilePlatform.lean,lean,109,sorry,
inactive_nonarchive,02_FORMAL/lean/RIINA/Domains/MobilePlatform.lean,lean,132,sorry,
inactive_nonarchive,02_FORMAL/lean/RIINA/Domains/MobilePlatform.lean,lean,154,sorry,
inactive_nonarchive,02_FORMAL/lean/RIINA/Domains/ModuleSystems.lean,lean,252,sorry,
inactive_nonarchive,02_FORMAL/lean/RIINA/Domains/ModuleSystems.lean,lean,255,sorry,
inactive_nonarchive,02_FORMAL/lean/RIINA/Domains/ModuleSystems.lean,lean,381,sorry,
inactive_nonarchive,02_FORMAL/lean/RIINA/Domains/MultiProverValidation.lean,lean,99,sorry,
inactive_nonarchive,02_FORMAL/lean/RIINA/Domains/MultiProverValidation.lean,lean,102,sorry,
inactive_nonarchive,02_FORMAL/lean/RIINA/Domains/MultiProverValidation.lean,lean,105,sorry,
inactive_nonarchive,02_FORMAL/lean/RIINA/Domains/NetworkDefense.lean,lean,274,sorry,
inactive_nonarchive,02_FORMAL/lean/RIINA/Domains/OwnershipTypes.lean,lean,124,sorry,
inactive_nonarchive,02_FORMAL/lean/RIINA/Domains/OwnershipTypes.lean,lean,127,sorry,
inactive_nonarchive,02_FORMAL/lean/RIINA/Domains/OwnershipTypes.lean,lean,130,sorry,
inactive_nonarchive,02_FORMAL/lean/RIINA/Domains/OwnershipTypes.lean,lean,141,sorry,
inactive_nonarchive,02_FORMAL/lean/RIINA/Domains/OwnershipTypes.lean,lean,144,sorry,
inactive_nonarchive,02_FORMAL/lean/RIINA/Domains/OwnershipTypes.lean,lean,147,sorry,
inactive_nonarchive,02_FORMAL/lean/RIINA/Domains/PCIDSSCompliance.lean,lean,239,sorry,
inactive_nonarchive,02_FORMAL/lean/RIINA/Domains/PSI001_OperationalSecurity.lean,lean,228,sorry,
inactive_nonarchive,02_FORMAL/lean/RIINA/Domains/PSI001_OperationalSecurity.lean,lean,235,sorry,
inactive_nonarchive,02_FORMAL/lean/RIINA/Domains/PhysicsSecurity.lean,lean,121,sorry,
inactive_nonarchive,02_FORMAL/lean/RIINA/Domains/PlatformStdlibVerification.lean,lean,81,sorry,
inactive_nonarchive,02_FORMAL/lean/RIINA/Domains/PostQuantumKEM.lean,lean,139,sorry,
inactive_nonarchive,02_FORMAL/lean/RIINA/Domains/PostQuantumSignatures.lean,lean,163,sorry,
inactive_nonarchive,02_FORMAL/lean/RIINA/Domains/QuantitativeDeclassification.lean,lean,61,sorry,
inactive_nonarchive,02_FORMAL/lean/RIINA/Domains/QuantitativeDeclassification.lean,lean,64,sorry,
inactive_nonarchive,02_FORMAL/lean/RIINA/Domains/QuantumSafeTLS.lean,lean,333,sorry,
inactive_nonarchive,02_FORMAL/lean/RIINA/Domains/QuantumTypes.lean,lean,80,sorry,
inactive_nonarchive,02_FORMAL/lean/RIINA/Domains/QuantumTypes.lean,lean,83,sorry,
inactive_nonarchive,02_FORMAL/lean/RIINA/Domains/ROPDefense.lean,lean,227,sorry,
inactive_nonarchive,02_FORMAL/lean/RIINA/Domains/ROPDefense.lean,lean,247,sorry,
inactive_nonarchive,02_FORMAL/lean/RIINA/Domains/RadiationHardening.lean,lean,170,sorry,
inactive_nonarchive,02_FORMAL/lean/RIINA/Domains/RadiationHardening.lean,lean,189,sorry,
inactive_nonarchive,02_FORMAL/lean/RIINA/Domains/S001_HardwareContracts.lean,lean,132,sorry,
inactive_nonarchive,02_FORMAL/lean/RIINA/Domains/S001_HardwareContracts.lean,lean,148,sorry,
inactive_nonarchive,02_FORMAL/lean/RIINA/Domains/S001_HardwareContracts.lean,lean,192,sorry,
inactive_nonarchive,02_FORMAL/lean/RIINA/Domains/S001_HardwareContracts.lean,lean,195,sorry,
inactive_nonarchive,02_FORMAL/lean/RIINA/Domains/SIGMA001_VerifiedStorage.lean,lean,277,sorry,
inactive_nonarchive,02_FORMAL/lean/RIINA/Domains/SIGMA001_VerifiedStorage.lean,lean,280,sorry,
inactive_nonarchive,02_FORMAL/lean/RIINA/Domains/SecureBootVerification.lean,lean,397,sorry,
inactive_nonarchive,02_FORMAL/lean/RIINA/Domains/SecurityFoundation/BootVerification.lean,lean,115,sorry,
inactive_nonarchive,02_FORMAL/lean/RIINA/Domains/SecurityFoundation/BootVerification.lean,lean,118,sorry,
inactive_nonarchive,02_FORMAL/lean/RIINA/Domains/SecurityFoundation/BootVerification.lean,lean,121,sorry,
inactive_nonarchive,02_FORMAL/lean/RIINA/Domains/SecurityFoundation/RollbackProtection.lean,lean,103,sorry,
inactive_nonarchive,02_FORMAL/lean/RIINA/Domains/SecurityFoundation/RollbackProtection.lean,lean,125,sorry,
inactive_nonarchive,02_FORMAL/lean/RIINA/Domains/SecurityFoundation/RollbackProtection.lean,lean,128,sorry,
inactive_nonarchive,02_FORMAL/lean/RIINA/Domains/SecurityFoundation/SensorDrivers.lean,lean,107,sorry,
inactive_nonarchive,02_FORMAL/lean/RIINA/Domains/SessionTypes.lean,lean,122,sorry,
inactive_nonarchive,02_FORMAL/lean/RIINA/Domains/SingaporeMTCS.lean,lean,113,sorry,
inactive_nonarchive,02_FORMAL/lean/RIINA/Domains/SingaporePDPA.lean,lean,172,sorry,
inactive_nonarchive,02_FORMAL/lean/RIINA/Domains/SingaporePDPA.lean,lean,175,sorry,
inactive_nonarchive,02_FORMAL/lean/RIINA/Domains/SingaporePDPA.lean,lean,292,sorry,
inactive_nonarchive,02_FORMAL/lean/RIINA/Domains/SpeculativeExecution.lean,lean,82,sorry,
inactive_nonarchive,02_FORMAL/lean/RIINA/Domains/SpeculativeExecution.lean,lean,85,sorry,
inactive_nonarchive,02_FORMAL/lean/RIINA/Domains/SpeculativeExecution.lean,lean,88,sorry,
inactive_nonarchive,02_FORMAL/lean/RIINA/Domains/StandardLibrary.lean,lean,321,sorry,
inactive_nonarchive,02_FORMAL/lean/RIINA/Domains/StandardLibrary.lean,lean,336,sorry,
inactive_nonarchive,02_FORMAL/lean/RIINA/Domains/StandardLibrary.lean,lean,396,sorry,
inactive_nonarchive,02_FORMAL/lean/RIINA/Domains/TEEAttestation.lean,lean,350,sorry,
inactive_nonarchive,02_FORMAL/lean/RIINA/Domains/TEEAttestation.lean,lean,353,sorry,
inactive_nonarchive,02_FORMAL/lean/RIINA/Domains/TEEAttestation.lean,lean,364,sorry,
inactive_nonarchive,02_FORMAL/lean/RIINA/Domains/TestingQA.lean,lean,241,sorry,
inactive_nonarchive,02_FORMAL/lean/RIINA/Domains/TestingQA.lean,lean,256,sorry,
inactive_nonarchive,02_FORMAL/lean/RIINA/Domains/TestingQA.lean,lean,308,sorry,
inactive_nonarchive,02_FORMAL/lean/RIINA/Domains/TestingQA.lean,lean,311,sorry,
inactive_nonarchive,02_FORMAL/lean/RIINA/Domains/TimingSecurity.lean,lean,183,sorry,
inactive_nonarchive,02_FORMAL/lean/RIINA/Domains/TimingSecurity.lean,lean,190,sorry,
inactive_nonarchive,02_FORMAL/lean/RIINA/Domains/TimingSecurity.lean,lean,217,sorry,
inactive_nonarchive,02_FORMAL/lean/RIINA/Domains/TimingSecurity.lean,lean,220,sorry,
inactive_nonarchive,02_FORMAL/lean/RIINA/Domains/TimingSecurity.lean,lean,223,sorry,
inactive_nonarchive,02_FORMAL/lean/RIINA/Domains/TimingSecurity.lean,lean,226,sorry,
inactive_nonarchive,02_FORMAL/lean/RIINA/Domains/TimingSecurity.lean,lean,251,sorry,
inactive_nonarchive,02_FORMAL/lean/RIINA/Domains/TimingSecurity.lean,lean,274,sorry,
inactive_nonarchive,02_FORMAL/lean/RIINA/Domains/TimingSecurity.lean,lean,312,sorry,
inactive_nonarchive,02_FORMAL/lean/RIINA/Domains/ToolingIDE.lean,lean,237,sorry,
inactive_nonarchive,02_FORMAL/lean/RIINA/Domains/ToolingIDE.lean,lean,296,sorry,
inactive_nonarchive,02_FORMAL/lean/RIINA/Domains/ToolingIDE.lean,lean,330,sorry,
inactive_nonarchive,02_FORMAL/lean/RIINA/Domains/TotalStackFoundation.lean,lean,158,sorry,
inactive_nonarchive,02_FORMAL/lean/RIINA/Domains/TotalStackFoundation.lean,lean,177,sorry,
inactive_nonarchive,02_FORMAL/lean/RIINA/Domains/TotalStackFoundation.lean,lean,180,sorry,
inactive_nonarchive,02_FORMAL/lean/RIINA/Domains/TotalStackFoundation.lean,lean,187,sorry,
inactive_nonarchive,02_FORMAL/lean/RIINA/Domains/TranslationValidation.lean,lean,201,sorry,
inactive_nonarchive,02_FORMAL/lean/RIINA/Domains/TranslationValidation.lean,lean,204,sorry,
inactive_nonarchive,02_FORMAL/lean/RIINA/Domains/TranslationValidation.lean,lean,207,sorry,
inactive_nonarchive,02_FORMAL/lean/RIINA/Domains/TranslationValidation.lean,lean,217,sorry,
inactive_nonarchive,02_FORMAL/lean/RIINA/Domains/UIUX/AnimationEngine.lean,lean,58,sorry,
inactive_nonarchive,02_FORMAL/lean/RIINA/Domains/UIUX/CognitiveAccessibility.lean,lean,156,sorry,
inactive_nonarchive,02_FORMAL/lean/RIINA/Domains/UIUX/CognitiveAccessibility.lean,lean,171,sorry,
inactive_nonarchive,02_FORMAL/lean/RIINA/Domains/UIUX/MotorAccessibility.lean,lean,89,sorry,
inactive_nonarchive,02_FORMAL/lean/RIINA/Domains/UIUX/MotorAccessibility.lean,lean,96,sorry,
inactive_nonarchive,02_FORMAL/lean/RIINA/Domains/UIUX/VisualAccessibility.lean,lean,85,sorry,
inactive_nonarchive,02_FORMAL/lean/RIINA/Domains/UIUX/VisualAccessibility.lean,lean,100,sorry,
inactive_nonarchive,02_FORMAL/lean/RIINA/Domains/V001_TerminationGuarantees.lean,lean,115,sorry,
inactive_nonarchive,02_FORMAL/lean/RIINA/Domains/V001_TerminationGuarantees.lean,lean,118,sorry,
inactive_nonarchive,02_FORMAL/lean/RIINA/Domains/VerifiedAIML.lean,lean,173,sorry,
inactive_nonarchive,02_FORMAL/lean/RIINA/Domains/VerifiedAutonomy.lean,lean,126,sorry,
inactive_nonarchive,02_FORMAL/lean/RIINA/Domains/VerifiedAutonomy.lean,lean,137,sorry,
inactive_nonarchive,02_FORMAL/lean/RIINA/Domains/VerifiedFileSystem.lean,lean,359,sorry,
inactive_nonarchive,02_FORMAL/lean/RIINA/Domains/VerifiedFileSystem.lean,lean,403,sorry,
inactive_nonarchive,02_FORMAL/lean/RIINA/Domains/VerifiedFileSystem.lean,lean,410,sorry,
inactive_nonarchive,02_FORMAL/lean/RIINA/Domains/VerifiedFileSystem.lean,lean,413,sorry,
inactive_nonarchive,02_FORMAL/lean/RIINA/Domains/VerifiedHardware.lean,lean,233,sorry,
inactive_nonarchive,02_FORMAL/lean/RIINA/Domains/VerifiedIdentity.lean,lean,342,sorry,
inactive_nonarchive,02_FORMAL/lean/RIINA/Domains/VerifiedIdentity.lean,lean,349,sorry,
inactive_nonarchive,02_FORMAL/lean/RIINA/Domains/VerifiedIdentity.lean,lean,352,sorry,
inactive_nonarchive,02_FORMAL/lean/RIINA/Domains/VerifiedIsolation.lean,lean,316,sorry,
inactive_nonarchive,02_FORMAL/lean/RIINA/Domains/VerifiedIsolation.lean,lean,323,sorry,
inactive_nonarchive,02_FORMAL/lean/RIINA/Domains/VerifiedIsolation.lean,lean,336,sorry,
inactive_nonarchive,02_FORMAL/lean/RIINA/Domains/VerifiedNetwork.lean,lean,336,sorry,
inactive_nonarchive,02_FORMAL/lean/RIINA/Domains/VerifiedNetwork.lean,lean,343,sorry,
inactive_nonarchive,02_FORMAL/lean/RIINA/Domains/VerifiedNetwork.lean,lean,367,sorry,
inactive_nonarchive,02_FORMAL/lean/RIINA/Domains/VerifiedNetwork.lean,lean,384,sorry,
inactive_nonarchive,02_FORMAL/lean/RIINA/Domains/VerifiedNetworkStack.lean,lean,362,sorry,
inactive_nonarchive,02_FORMAL/lean/RIINA/Domains/VerifiedNetworkStack.lean,lean,495,sorry,
inactive_nonarchive,02_FORMAL/lean/RIINA/Domains/VerifiedNetworkStack.lean,lean,517,sorry,
inactive_nonarchive,02_FORMAL/lean/RIINA/Domains/VerifiedProtocols.lean,lean,342,sorry,
inactive_nonarchive,02_FORMAL/lean/RIINA/Domains/VerifiedProtocols.lean,lean,419,sorry,
inactive_nonarchive,02_FORMAL/lean/RIINA/Domains/VerifiedRuntime.lean,lean,123,sorry,
inactive_nonarchive,02_FORMAL/lean/RIINA/Domains/VerifiedUI.lean,lean,469,sorry,
inactive_nonarchive,02_FORMAL/lean/RIINA/Domains/VerifiedUI.lean,lean,524,sorry,
inactive_nonarchive,02_FORMAL/lean/RIINA/Domains/W001_VerifiedMemory.lean,lean,160,sorry,
inactive_nonarchive,02_FORMAL/lean/RIINA/Domains/WasmBackendVerification.lean,lean,146,sorry,
inactive_nonarchive,02_FORMAL/lean/RIINA/Domains/WasmBackendVerification.lean,lean,166,sorry,
inactive_nonarchive,02_FORMAL/lean/RIINA/Domains/WebSecurity.lean,lean,172,sorry,
inactive_nonarchive,02_FORMAL/lean/RIINA/Domains/XSSPrevention.lean,lean,381,sorry,
inactive_nonarchive,02_FORMAL/lean/RIINA/Domains/Z001_DeclassificationPolicy.lean,lean,163,sorry,
inactive_nonarchive,02_FORMAL/lean/RIINA/Domains/Z001_DeclassificationPolicy.lean,lean,166,sorry,
inactive_nonarchive,02_FORMAL/lean/RIINA/Domains/Z001_DeclassificationPolicy.lean,lean,169,sorry,
inactive_nonarchive,02_FORMAL/lean/RIINA/Industries/IndustryAerospace.lean,lean,92,sorry,
inactive_nonarchive,02_FORMAL/lean/RIINA/Industries/IndustryHealthcare.lean,lean,128,sorry,
inactive_nonarchive,02_FORMAL/lean/RIINA/Industries/IndustryManufacturing.lean,lean,159,sorry,
inactive_nonarchive,02_FORMAL/lean/RIINA/Industries/IndustryMilitary.lean,lean,84,sorry,
inactive_nonarchive,02_FORMAL/lean/RIINA/Properties/CumulativeRelation.lean,lean,64,sorry,
inactive_nonarchive,02_FORMAL/lean/RIINA/Properties/MaximumAxiomElimination.lean,lean,123,sorry,
inactive_nonarchive,02_FORMAL/lean/RIINA/Properties/MaximumAxiomElimination.lean,lean,161,sorry,
inactive_nonarchive,02_FORMAL/lean/RIINA/Properties/NonInterference.lean,lean,55,axiom,observer
inactive_nonarchive,02_FORMAL/lean/RIINA/Properties/NonInterference.lean,lean,428,axiom,logicalRelation
inactive_nonarchive,06_COORDINATION/claude_ai_web_output/combined_step_up_corrected.v,coq,174,admit tactic,
inactive_nonarchive,06_COORDINATION/claude_ai_web_output/combined_step_up_corrected.v,coq,185,admit tactic,
inactive_nonarchive,06_COORDINATION/claude_ai_web_output/combined_step_up_corrected.v,coq,191,admit tactic,
inactive_nonarchive,06_COORDINATION/claude_ai_web_output/combined_step_up_corrected.v,coq,192,Admitted,
inactive_nonarchive,06_COORDINATION/claude_ai_web_output/combined_step_up_corrected.v,coq,242,admit tactic,
inactive_nonarchive,06_COORDINATION/claude_ai_web_output/combined_step_up_corrected.v,coq,243,Admitted,
inactive_nonarchive,06_COORDINATION/claude_ai_web_output/combined_step_up_corrected.v,coq,293,admit tactic,
inactive_nonarchive,06_COORDINATION/claude_ai_web_output/combined_step_up_corrected.v,coq,302,admit tactic,
inactive_nonarchive,06_COORDINATION/claude_ai_web_output/combined_step_up_corrected.v,coq,338,admit tactic,
inactive_nonarchive,06_COORDINATION/claude_ai_web_output/combined_step_up_corrected.v,coq,339,admit tactic,
inactive_nonarchive,06_COORDINATION/claude_ai_web_output/combined_step_up_corrected.v,coq,349,admit tactic,
inactive_nonarchive,06_COORDINATION/claude_ai_web_output/combined_step_up_corrected.v,coq,350,admit tactic,
inactive_nonarchive,06_COORDINATION/claude_ai_web_output/combined_step_up_corrected.v,coq,356,admit tactic,
inactive_nonarchive,06_COORDINATION/claude_ai_web_output/combined_step_up_corrected.v,coq,359,admit tactic,
inactive_nonarchive,06_COORDINATION/claude_ai_web_output/combined_step_up_corrected.v,coq,360,admit tactic,
inactive_nonarchive,06_COORDINATION/claude_ai_web_output/combined_step_up_corrected.v,coq,361,Admitted,
inactive_nonarchive,06_COORDINATION/claude_ai_web_output/combined_step_up_corrected.v,coq,393,admit tactic,
inactive_nonarchive,06_COORDINATION/claude_ai_web_output/combined_step_up_corrected.v,coq,397,admit tactic,
inactive_nonarchive,06_COORDINATION/claude_ai_web_output/combined_step_up_corrected.v,coq,399,admit tactic,
inactive_nonarchive,06_COORDINATION/claude_ai_web_output/combined_step_up_corrected.v,coq,401,admit tactic,
inactive_nonarchive,06_COORDINATION/claude_ai_web_output/combined_step_up_corrected.v,coq,408,admit tactic,
inactive_nonarchive,06_COORDINATION/claude_ai_web_output/combined_step_up_corrected.v,coq,409,admit tactic,
inactive_nonarchive,06_COORDINATION/claude_ai_web_output/combined_step_up_corrected.v,coq,410,admit tactic,
inactive_nonarchive,06_COORDINATION/claude_ai_web_output/combined_step_up_corrected.v,coq,411,Admitted,
inactive_nonarchive,06_COORDINATION/claude_ai_web_output/combined_step_up_corrected.v,coq,473,admit tactic,
inactive_nonarchive,06_COORDINATION/claude_ai_web_output/combined_step_up_corrected.v,coq,474,admit tactic,
inactive_nonarchive,06_COORDINATION/claude_ai_web_output/combined_step_up_corrected.v,coq,476,admit tactic,
inactive_nonarchive,06_COORDINATION/claude_ai_web_output/combined_step_up_corrected.v,coq,482,admit tactic,
inactive_nonarchive,06_COORDINATION/claude_ai_web_output/combined_step_up_corrected.v,coq,483,admit tactic,
inactive_nonarchive,06_COORDINATION/claude_ai_web_output/combined_step_up_corrected.v,coq,496,admit tactic,
inactive_nonarchive,06_COORDINATION/claude_ai_web_output/combined_step_up_corrected.v,coq,503,admit tactic,
inactive_nonarchive,06_COORDINATION/claude_ai_web_output/combined_step_up_corrected.v,coq,511,admit tactic,
inactive_nonarchive,06_COORDINATION/claude_ai_web_output/combined_step_up_corrected.v,coq,516,admit tactic,
inactive_nonarchive,06_COORDINATION/claude_ai_web_output/combined_step_up_corrected.v,coq,524,Admitted,
inactive_nonarchive,06_COORDINATION/claude_ai_web_output/combined_step_up_corrected.v,coq,588,admit tactic,
inactive_nonarchive,06_COORDINATION/claude_ai_web_output/combined_step_up_corrected.v,coq,639,admit tactic,
inactive_nonarchive,06_COORDINATION/claude_ai_web_output/combined_step_up_corrected.v,coq,640,admit tactic,
inactive_nonarchive,06_COORDINATION/claude_ai_web_output/combined_step_up_corrected.v,coq,643,Admitted,
inactive_nonarchive,06_COORDINATION/claude_ai_web_output_v3/NonInterference_Aux.v,coq,56,admit tactic,
inactive_nonarchive,06_COORDINATION/claude_ai_web_output_v3/NonInterference_Aux.v,coq,60,admit tactic,
inactive_nonarchive,06_COORDINATION/claude_ai_web_output_v3/NonInterference_Aux.v,coq,63,admit tactic,
inactive_nonarchive,06_COORDINATION/claude_ai_web_output_v3/NonInterference_Aux.v,coq,65,admit tactic,
inactive_nonarchive,06_COORDINATION/claude_ai_web_output_v3/NonInterference_Aux.v,coq,71,Admitted,
inactive_nonarchive,06_COORDINATION/claude_ai_web_output_v3/NonInterference_Aux.v,coq,128,admit tactic,
inactive_nonarchive,06_COORDINATION/claude_ai_web_output_v3/NonInterference_Aux.v,coq,129,Admitted,
inactive_nonarchive,06_COORDINATION/claude_ai_web_output_v3/NonInterference_Aux.v,coq,268,admit tactic,
inactive_nonarchive,06_COORDINATION/claude_ai_web_output_v3/NonInterference_Aux.v,coq,269,Admitted,
inactive_nonarchive,06_COORDINATION/claude_ai_web_output_v3/NonInterference_Aux.v,coq,284,admit tactic,
inactive_nonarchive,06_COORDINATION/claude_ai_web_output_v3/NonInterference_Aux.v,coq,285,Admitted,
inactive_nonarchive,06_COORDINATION/claude_ai_web_output_v3/NonInterference_Aux.v,coq,338,Axiom,free_in_pair_1
inactive_nonarchive,06_COORDINATION/claude_ai_web_output_v3/NonInterference_Aux.v,coq,341,Axiom,free_in_pair_2
inactive_nonarchive,06_COORDINATION/claude_ai_web_output_v3/admit_replacements_v2.v,coq,508,admit tactic,
inactive_nonarchive,06_COORDINATION/claude_ai_web_output_v3/admit_replacements_v2.v,coq,509,Admitted,
inactive_nonarchive,06_COORDINATION/claude_ai_web_output_v3/admit_replacements_v2.v,coq,523,admit tactic,
inactive_nonarchive,06_COORDINATION/claude_ai_web_output_v3/admit_replacements_v2.v,coq,524,Admitted,
inactive_nonarchive,06_COORDINATION/claude_ai_web_output_v3/admit_replacements_v2.v,coq,579,admit tactic,
inactive_nonarchive,06_COORDINATION/claude_ai_web_output_v3/admit_replacements_v2.v,coq,584,admit tactic,
inactive_nonarchive,06_COORDINATION/claude_ai_web_output_v3/admit_replacements_v2.v,coq,585,Admitted,
inactive_nonarchive,06_COORDINATION/delegation_prompts/Output/files30_extracted/COMPLETE_ANALYSIS_13_ADMITS.v,coq,311,admit tactic,
inactive_nonarchive,06_COORDINATION/delegation_prompts/Output/files30_extracted/COMPLETE_ANALYSIS_13_ADMITS.v,coq,314,admit tactic,
inactive_nonarchive,06_COORDINATION/delegation_prompts/Output/files30_extracted/COMPLETE_ANALYSIS_13_ADMITS.v,coq,320,admit tactic,
inactive_nonarchive,06_COORDINATION/delegation_prompts/Output/files30_extracted/COMPLETE_ANALYSIS_13_ADMITS.v,coq,323,admit tactic,
inactive_nonarchive,06_COORDINATION/delegation_prompts/Output/files30_extracted/COMPLETE_ANALYSIS_13_ADMITS.v,coq,354,admit tactic,
inactive_nonarchive,06_COORDINATION/delegation_prompts/Output/files30_extracted/COMPLETE_ANALYSIS_13_ADMITS.v,coq,355,admit tactic,
inactive_nonarchive,06_COORDINATION/delegation_prompts/Output/files30_extracted/COMPLETE_ANALYSIS_13_ADMITS.v,coq,361,admit tactic,
inactive_nonarchive,06_COORDINATION/delegation_prompts/Output/files30_extracted/COMPLETE_ANALYSIS_13_ADMITS.v,coq,364,admit tactic,
inactive_nonarchive,06_COORDINATION/delegation_prompts/Output/files30_extracted/COMPLETE_ANALYSIS_13_ADMITS.v,coq,365,admit tactic,
inactive_nonarchive,06_COORDINATION/delegation_prompts/Output/files30_extracted/COMPLETE_ANALYSIS_13_ADMITS.v,coq,368,Admitted,
inactive_nonarchive,06_COORDINATION/prompts/AxiomEliminationVerified.v,coq,756,admit tactic,
inactive_nonarchive,06_COORDINATION/prompts/AxiomEliminationVerified.v,coq,757,admit tactic,
inactive_nonarchive,06_COORDINATION/prompts/AxiomEliminationVerified.v,coq,768,Admitted,
inactive_nonarchive,06_COORDINATION/prompts/KripkeMonotonicity.v,coq,308,Admitted,
inactive_nonarchive,06_COORDINATION/prompts/KripkeMonotonicity.v,coq,383,Admitted,
inactive_nonarchive,06_COORDINATION/prompts/LogicalRelationCore_SAMPLE.v,coq,487,Axiom,label_flows_refl
inactive_nonarchive,06_COORDINATION/prompts/LogicalRelationCore_SAMPLE.v,coq,491,Axiom,label_flows_trans
inactive_nonarchive,06_COORDINATION/prompts/LogicalRelationCore_SAMPLE.v,coq,496,Axiom,label_flows_antisym
inactive_nonarchive,06_COORDINATION/prompts/LogicalRelationCore_SAMPLE.v,coq,501,Axiom,label_join_comm
inactive_nonarchive,06_COORDINATION/prompts/LogicalRelationCore_SAMPLE.v,coq,505,Axiom,label_join_assoc
inactive_nonarchive,06_COORDINATION/prompts/LogicalRelationCore_SAMPLE.v,coq,509,Axiom,label_meet_comm
inactive_nonarchive,06_COORDINATION/prompts/LogicalRelationCore_SAMPLE.v,coq,537,Axiom,declassify_requires_endorsement
inactive_nonarchive,06_COORDINATION/prompts/LogicalRelationCore_SAMPLE.v,coq,542,Axiom,endorsement_valid
inactive_nonarchive,06_COORDINATION/prompts/LogicalRelationCore_SAMPLE.v,coq,547,Axiom,endorsement_not_forgeable
inactive_nonarchive,06_COORDINATION/prompts/LogicalRelationCore_SAMPLE.v,coq,552,Axiom,declassify_requires_auth
inactive_nonarchive,06_COORDINATION/prompts/LogicalRelationCore_SAMPLE.v,coq,571,Axiom,declassify_audit_logged
inactive_nonarchive,06_COORDINATION/prompts/LogicalRelationCore_SAMPLE.v,coq,577,Axiom,declassify_context_valid
inactive_nonarchive,06_COORDINATION/prompts/LogicalRelationCore_SAMPLE.v,coq,582,Axiom,robust_declassification
inactive_nonarchive,06_COORDINATION/prompts/MasterTheorem (1).v,coq,531,admit tactic,
inactive_nonarchive,06_COORDINATION/prompts/MasterTheorem (1).v,coq,532,admit tactic,
inactive_nonarchive,06_COORDINATION/prompts/MasterTheorem (1).v,coq,533,Admitted,
inactive_nonarchive,06_COORDINATION/prompts/MasterTheorem (1).v,coq,563,admit tactic,
inactive_nonarchive,06_COORDINATION/prompts/MasterTheorem (1).v,coq,574,admit tactic,
inactive_nonarchive,06_COORDINATION/prompts/MasterTheorem (1).v,coq,577,admit tactic,
inactive_nonarchive,06_COORDINATION/prompts/MasterTheorem (1).v,coq,578,admit tactic,
inactive_nonarchive,06_COORDINATION/prompts/MasterTheorem (1).v,coq,579,Admitted,
inactive_nonarchive,06_COORDINATION/prompts/MasterTheorem (1).v,coq,655,admit tactic,
inactive_nonarchive,06_COORDINATION/prompts/MasterTheorem (1).v,coq,663,admit tactic,
inactive_nonarchive,06_COORDINATION/prompts/MasterTheorem (1).v,coq,664,Admitted,
inactive_nonarchive,06_COORDINATION/prompts/MasterTheorem (1).v,coq,701,admit tactic,
inactive_nonarchive,06_COORDINATION/prompts/MasterTheorem (1).v,coq,702,Admitted,
inactive_nonarchive,06_COORDINATION/prompts/MasterTheorem (1).v,coq,729,admit tactic,
inactive_nonarchive,06_COORDINATION/prompts/MasterTheorem (1).v,coq,730,Admitted,
inactive_nonarchive,06_COORDINATION/prompts/MasterTheorem (1).v,coq,760,admit tactic,
inactive_nonarchive,06_COORDINATION/prompts/MasterTheorem (1).v,coq,779,admit tactic,
inactive_nonarchive,06_COORDINATION/prompts/MasterTheorem (1).v,coq,801,admit tactic,
inactive_nonarchive,06_COORDINATION/prompts/MasterTheorem (1).v,coq,804,Admitted,
inactive_nonarchive,06_COORDINATION/prompts/MasterTheorem (1).v,coq,892,admit tactic,
inactive_nonarchive,06_COORDINATION/prompts/MasterTheorem (1).v,coq,895,admit tactic,
inactive_nonarchive,06_COORDINATION/prompts/MasterTheorem (1).v,coq,898,admit tactic,
inactive_nonarchive,06_COORDINATION/prompts/MasterTheorem (1).v,coq,901,admit tactic,
inactive_nonarchive,06_COORDINATION/prompts/MasterTheorem (1).v,coq,904,admit tactic,
inactive_nonarchive,06_COORDINATION/prompts/MasterTheorem (1).v,coq,907,admit tactic,
inactive_nonarchive,06_COORDINATION/prompts/MasterTheorem (1).v,coq,910,admit tactic,
inactive_nonarchive,06_COORDINATION/prompts/MasterTheorem (1).v,coq,913,admit tactic,
inactive_nonarchive,06_COORDINATION/prompts/MasterTheorem (1).v,coq,916,admit tactic,
inactive_nonarchive,06_COORDINATION/prompts/MasterTheorem (1).v,coq,919,admit tactic,
inactive_nonarchive,06_COORDINATION/prompts/MasterTheorem (1).v,coq,922,admit tactic,
inactive_nonarchive,06_COORDINATION/prompts/MasterTheorem (1).v,coq,925,admit tactic,
inactive_nonarchive,06_COORDINATION/prompts/MasterTheorem (1).v,coq,926,Admitted,
inactive_nonarchive,06_COORDINATION/prompts/MasterTheorem (1).v,coq,959,admit tactic,
inactive_nonarchive,06_COORDINATION/prompts/MasterTheorem (1).v,coq,960,Admitted,
inactive_nonarchive,06_COORDINATION/prompts/MasterTheorem (1).v,coq,1032,Admitted,
inactive_nonarchive,06_COORDINATION/prompts/ReferenceOps.v,coq,93,Axiom,store_max_spec_above
inactive_nonarchive,06_COORDINATION/prompts/ReferenceOps.v,coq,97,Axiom,store_max_spec_below
inactive_nonarchive,06_COORDINATION/prompts/ReferenceOps.v,coq,293,Axiom,store_max_after_alloc
inactive_nonarchive,06_COORDINATION/prompts/ReferenceOps.v,coq,297,Axiom,store_max_update_preserve
inactive_nonarchive,06_COORDINATION/prompts/ReferenceOps.v,coq,338,Axiom,val_rel_n_mono
inactive_nonarchive,06_COORDINATION/prompts/exp_rel_step1.v,coq,392,admit tactic,
inactive_nonarchive,06_COORDINATION/prompts/exp_rel_step1.v,coq,395,admit tactic,
inactive_nonarchive,06_COORDINATION/prompts/exp_rel_step1.v,coq,398,admit tactic,
inactive_nonarchive,06_COORDINATION/prompts/exp_rel_step1.v,coq,399,Admitted,
inactive_nonarchive,06_COORDINATION/prompts/exp_rel_step1.v,coq,453,admit tactic,
inactive_nonarchive,06_COORDINATION/prompts/exp_rel_step1.v,coq,457,admit tactic,
inactive_nonarchive,06_COORDINATION/prompts/exp_rel_step1.v,coq,460,admit tactic,
inactive_nonarchive,06_COORDINATION/prompts/exp_rel_step1.v,coq,465,Admitted,
inactive_nonarchive,06_COORDINATION/prompts/exp_rel_step1.v,coq,513,admit tactic,
inactive_nonarchive,06_COORDINATION/prompts/exp_rel_step1.v,coq,517,admit tactic,
inactive_nonarchive,06_COORDINATION/prompts/exp_rel_step1.v,coq,520,admit tactic,
inactive_nonarchive,06_COORDINATION/prompts/exp_rel_step1.v,coq,525,Admitted,
inactive_nonarchive,06_COORDINATION/prompts/exp_rel_step1.v,coq,613,admit tactic,
inactive_nonarchive,06_COORDINATION/prompts/exp_rel_step1.v,coq,616,Admitted,
inactive_nonarchive,06_COORDINATION/prompts/exp_rel_step1.v,coq,684,admit tactic,
inactive_nonarchive,06_COORDINATION/prompts/exp_rel_step1.v,coq,688,Admitted,
inactive_nonarchive,06_COORDINATION/prompts/exp_rel_step1.v,coq,758,admit tactic,
inactive_nonarchive,06_COORDINATION/prompts/exp_rel_step1.v,coq,761,Admitted,
inactive_nonarchive,claude_ai_output/COMPLETE_ANALYSIS_13_ADMITS.v,coq,311,admit tactic,
inactive_nonarchive,claude_ai_output/COMPLETE_ANALYSIS_13_ADMITS.v,coq,314,admit tactic,
inactive_nonarchive,claude_ai_output/COMPLETE_ANALYSIS_13_ADMITS.v,coq,320,admit tactic,
inactive_nonarchive,claude_ai_output/COMPLETE_ANALYSIS_13_ADMITS.v,coq,323,admit tactic,
inactive_nonarchive,claude_ai_output/COMPLETE_ANALYSIS_13_ADMITS.v,coq,354,admit tactic,
inactive_nonarchive,claude_ai_output/COMPLETE_ANALYSIS_13_ADMITS.v,coq,355,admit tactic,
inactive_nonarchive,claude_ai_output/COMPLETE_ANALYSIS_13_ADMITS.v,coq,361,admit tactic,
inactive_nonarchive,claude_ai_output/COMPLETE_ANALYSIS_13_ADMITS.v,coq,364,admit tactic,
inactive_nonarchive,claude_ai_output/COMPLETE_ANALYSIS_13_ADMITS.v,coq,365,admit tactic,
inactive_nonarchive,claude_ai_output/COMPLETE_ANALYSIS_13_ADMITS.v,coq,368,Admitted,
