file,language,line,type,name
02_FORMAL/coq/properties/NonInterference_v2.v,coq,1535,Axiom,val_rel_n_step_up
02_FORMAL/coq/properties/NonInterference_v2_LogicalRelation.v,coq,1149,Axiom,logical_relation_declassify
02_FORMAL/coq/properties/_archive_deprecated/ApplicationComplete.v,coq,133,admit tactic,
02_FORMAL/coq/properties/_archive_deprecated/ApplicationComplete.v,coq,134,Admitted,
02_FORMAL/coq/properties/_archive_deprecated/ApplicationComplete.v,coq,180,admit tactic,
02_FORMAL/coq/properties/_archive_deprecated/ApplicationComplete.v,coq,184,Admitted,
02_FORMAL/coq/properties/_archive_deprecated/ApplicationComplete.v,coq,284,admit tactic,
02_FORMAL/coq/properties/_archive_deprecated/ApplicationComplete.v,coq,294,admit tactic,
02_FORMAL/coq/properties/_archive_deprecated/ApplicationComplete.v,coq,306,admit tactic,
02_FORMAL/coq/properties/_archive_deprecated/ApplicationComplete.v,coq,307,Admitted,
02_FORMAL/coq/properties/_archive_deprecated/ApplicationComplete.v,coq,468,admit tactic,
02_FORMAL/coq/properties/_archive_deprecated/ApplicationComplete.v,coq,473,admit tactic,
02_FORMAL/coq/properties/_archive_deprecated/ApplicationComplete.v,coq,478,admit tactic,
02_FORMAL/coq/properties/_archive_deprecated/ApplicationComplete.v,coq,479,Admitted,
02_FORMAL/coq/properties/_archive_deprecated/ApplicationComplete.v,coq,534,admit tactic,
02_FORMAL/coq/properties/_archive_deprecated/ApplicationComplete.v,coq,540,Admitted,
02_FORMAL/coq/properties/_archive_deprecated/AxiomEliminationVerified.v,coq,66,Admitted,
02_FORMAL/coq/properties/_archive_deprecated/AxiomEliminationVerified.v,coq,87,Admitted,
02_FORMAL/coq/properties/_archive_deprecated/AxiomEliminationVerified.v,coq,109,Admitted,
02_FORMAL/coq/properties/_archive_deprecated/AxiomEliminationVerified.v,coq,129,Admitted,
02_FORMAL/coq/properties/_archive_deprecated/AxiomEliminationVerified.v,coq,153,Admitted,
02_FORMAL/coq/properties/_archive_deprecated/AxiomEliminationVerified.v,coq,176,Admitted,
02_FORMAL/coq/properties/_archive_deprecated/AxiomEliminationVerified.v,coq,283,Admitted,
02_FORMAL/coq/properties/_archive_deprecated/AxiomEliminationVerified.v,coq,362,Admitted,
02_FORMAL/coq/properties/_archive_deprecated/AxiomEliminationVerified.v,coq,414,Admitted,
02_FORMAL/coq/properties/_archive_deprecated/AxiomEliminationVerified.v,coq,431,Admitted,
02_FORMAL/coq/properties/_archive_deprecated/AxiomEliminationVerified.v,coq,454,Admitted,
02_FORMAL/coq/properties/_archive_deprecated/AxiomEliminationVerified.v,coq,469,Admitted,
02_FORMAL/coq/properties/_archive_deprecated/AxiomEliminationVerified.v,coq,493,Admitted,
02_FORMAL/coq/properties/_archive_deprecated/AxiomEliminationVerified.v,coq,509,Admitted,
02_FORMAL/coq/properties/_archive_deprecated/AxiomEliminationVerified.v,coq,526,Admitted,
02_FORMAL/coq/properties/_archive_deprecated/FundamentalTheorem.v,coq,424,admit tactic,
02_FORMAL/coq/properties/_archive_deprecated/FundamentalTheorem.v,coq,426,Admitted,
02_FORMAL/coq/properties/_archive_deprecated/FundamentalTheorem.v,coq,465,admit tactic,
02_FORMAL/coq/properties/_archive_deprecated/FundamentalTheorem.v,coq,467,Admitted,
02_FORMAL/coq/properties/_archive_deprecated/FundamentalTheorem.v,coq,497,admit tactic,
02_FORMAL/coq/properties/_archive_deprecated/FundamentalTheorem.v,coq,498,Admitted,
02_FORMAL/coq/properties/_archive_deprecated/FundamentalTheorem.v,coq,523,admit tactic,
02_FORMAL/coq/properties/_archive_deprecated/FundamentalTheorem.v,coq,524,Admitted,
02_FORMAL/coq/properties/_archive_deprecated/FundamentalTheorem.v,coq,542,admit tactic,
02_FORMAL/coq/properties/_archive_deprecated/FundamentalTheorem.v,coq,543,Admitted,
02_FORMAL/coq/properties/_archive_deprecated/FundamentalTheorem.v,coq,559,admit tactic,
02_FORMAL/coq/properties/_archive_deprecated/FundamentalTheorem.v,coq,560,Admitted,
02_FORMAL/coq/properties/_archive_deprecated/FundamentalTheorem.v,coq,584,admit tactic,
02_FORMAL/coq/properties/_archive_deprecated/FundamentalTheorem.v,coq,585,admit tactic,
02_FORMAL/coq/properties/_archive_deprecated/FundamentalTheorem.v,coq,589,admit tactic,
02_FORMAL/coq/properties/_archive_deprecated/FundamentalTheorem.v,coq,591,Admitted,
02_FORMAL/coq/properties/_archive_deprecated/FundamentalTheorem.v,coq,603,admit tactic,
02_FORMAL/coq/properties/_archive_deprecated/FundamentalTheorem.v,coq,604,Admitted,
02_FORMAL/coq/properties/_archive_deprecated/FundamentalTheorem.v,coq,632,admit tactic,
02_FORMAL/coq/properties/_archive_deprecated/FundamentalTheorem.v,coq,633,Admitted,
02_FORMAL/coq/properties/_archive_deprecated/FundamentalTheorem.v,coq,664,admit tactic,
02_FORMAL/coq/properties/_archive_deprecated/FundamentalTheorem.v,coq,666,admit tactic,
02_FORMAL/coq/properties/_archive_deprecated/FundamentalTheorem.v,coq,667,Admitted,
02_FORMAL/coq/properties/_archive_deprecated/FundamentalTheorem.v,coq,686,admit tactic,
02_FORMAL/coq/properties/_archive_deprecated/FundamentalTheorem.v,coq,687,Admitted,
02_FORMAL/coq/properties/_archive_deprecated/FundamentalTheorem.v,coq,703,admit tactic,
02_FORMAL/coq/properties/_archive_deprecated/FundamentalTheorem.v,coq,704,Admitted,
02_FORMAL/coq/properties/_archive_deprecated/FundamentalTheorem.v,coq,722,admit tactic,
02_FORMAL/coq/properties/_archive_deprecated/FundamentalTheorem.v,coq,723,Admitted,
02_FORMAL/coq/properties/_archive_deprecated/FundamentalTheorem.v,coq,739,admit tactic,
02_FORMAL/coq/properties/_archive_deprecated/FundamentalTheorem.v,coq,740,Admitted,
02_FORMAL/coq/properties/_archive_deprecated/FundamentalTheorem.v,coq,752,admit tactic,
02_FORMAL/coq/properties/_archive_deprecated/FundamentalTheorem.v,coq,753,Admitted,
02_FORMAL/coq/properties/_archive_deprecated/FundamentalTheorem.v,coq,766,admit tactic,
02_FORMAL/coq/properties/_archive_deprecated/FundamentalTheorem.v,coq,767,Admitted,
02_FORMAL/coq/properties/_archive_deprecated/FundamentalTheorem.v,coq,791,admit tactic,
02_FORMAL/coq/properties/_archive_deprecated/FundamentalTheorem.v,coq,792,admit tactic,
02_FORMAL/coq/properties/_archive_deprecated/FundamentalTheorem.v,coq,797,admit tactic,
02_FORMAL/coq/properties/_archive_deprecated/FundamentalTheorem.v,coq,799,Admitted,
02_FORMAL/coq/properties/_archive_deprecated/FundamentalTheorem.v,coq,812,admit tactic,
02_FORMAL/coq/properties/_archive_deprecated/FundamentalTheorem.v,coq,813,Admitted,
02_FORMAL/coq/properties/_archive_deprecated/FundamentalTheorem.v,coq,832,admit tactic,
02_FORMAL/coq/properties/_archive_deprecated/FundamentalTheorem.v,coq,833,admit tactic,
02_FORMAL/coq/properties/_archive_deprecated/FundamentalTheorem.v,coq,837,admit tactic,
02_FORMAL/coq/properties/_archive_deprecated/FundamentalTheorem.v,coq,839,Admitted,
02_FORMAL/coq/properties/_archive_deprecated/FundamentalTheorem.v,coq,855,admit tactic,
02_FORMAL/coq/properties/_archive_deprecated/FundamentalTheorem.v,coq,856,Admitted,
02_FORMAL/coq/properties/_archive_deprecated/FundamentalTheorem.v,coq,868,admit tactic,
02_FORMAL/coq/properties/_archive_deprecated/FundamentalTheorem.v,coq,869,Admitted,
02_FORMAL/coq/properties/_archive_deprecated/FundamentalTheorem.v,coq,926,admit tactic,
02_FORMAL/coq/properties/_archive_deprecated/FundamentalTheorem.v,coq,1052,Admitted,
02_FORMAL/coq/properties/_archive_deprecated/FundamentalTheorem.v,coq,1071,admit tactic,
02_FORMAL/coq/properties/_archive_deprecated/FundamentalTheorem.v,coq,1075,Admitted,
02_FORMAL/coq/properties/_archive_deprecated/FundamentalTheorem.v,coq,1102,admit tactic,
02_FORMAL/coq/properties/_archive_deprecated/FundamentalTheorem.v,coq,1116,Admitted,
02_FORMAL/coq/properties/_archive_deprecated/KripkeMutual.v,coq,143,admit tactic,
02_FORMAL/coq/properties/_archive_deprecated/KripkeMutual.v,coq,144,Admitted,
02_FORMAL/coq/properties/_archive_deprecated/KripkeMutual.v,coq,167,admit tactic,
02_FORMAL/coq/properties/_archive_deprecated/KripkeMutual.v,coq,168,Admitted,
02_FORMAL/coq/properties/_archive_deprecated/KripkeMutual.v,coq,189,admit tactic,
02_FORMAL/coq/properties/_archive_deprecated/KripkeMutual.v,coq,190,Admitted,
02_FORMAL/coq/properties/_archive_deprecated/KripkeMutual.v,coq,229,admit tactic,
02_FORMAL/coq/properties/_archive_deprecated/KripkeMutual.v,coq,230,Admitted,
02_FORMAL/coq/properties/_archive_deprecated/LogicalRelationAssign_PROOF.v,coq,208,Axiom,T_Loc
02_FORMAL/coq/properties/_archive_deprecated/LogicalRelationAssign_PROOF.v,coq,212,Axiom,T_Assign
02_FORMAL/coq/properties/_archive_deprecated/LogicalRelationAssign_PROOF.v,coq,348,Axiom,val_rel_n_unit
02_FORMAL/coq/properties/_archive_deprecated/LogicalRelationAssign_PROOF.v,coq,353,Axiom,val_rel_n_ref
02_FORMAL/coq/properties/_archive_deprecated/LogicalRelationAssign_PROOF.v,coq,359,Axiom,val_rel_n_ref_same_loc
02_FORMAL/coq/properties/_archive_deprecated/LogicalRelationAssign_PROOF.v,coq,365,Axiom,exp_rel_n_unfold
02_FORMAL/coq/properties/_archive_deprecated/LogicalRelationAssign_PROOF.v,coq,378,Axiom,exp_rel_n_unit
02_FORMAL/coq/properties/_archive_deprecated/LogicalRelationAssign_PROOF.v,coq,382,Axiom,exp_rel_n_base
02_FORMAL/coq/properties/_archive_deprecated/LogicalRelationAssign_PROOF.v,coq,386,Axiom,exp_rel_n_assign
02_FORMAL/coq/properties/_archive_deprecated/LogicalRelationAssign_PROOF.v,coq,392,Axiom,val_rel_n_step_down
02_FORMAL/coq/properties/_archive_deprecated/LogicalRelationAssign_PROOF.v,coq,397,Axiom,exp_rel_n_step_down
02_FORMAL/coq/properties/_archive_deprecated/LogicalRelationAssign_PROOF.v,coq,402,Axiom,store_rel_n_step_down
02_FORMAL/coq/properties/_archive_deprecated/LogicalRelationAssign_PROOF.v,coq,408,Axiom,store_update_preserves_rel
02_FORMAL/coq/properties/_archive_deprecated/LogicalRelationAssign_PROOF.v,coq,431,Axiom,fundamental_theorem
02_FORMAL/coq/properties/_archive_deprecated/LogicalRelationAssign_PROOF_FIXED.v,coq,197,Axiom,T_Loc
02_FORMAL/coq/properties/_archive_deprecated/LogicalRelationAssign_PROOF_FIXED.v,coq,201,Axiom,T_Assign
02_FORMAL/coq/properties/_archive_deprecated/LogicalRelationAssign_PROOF_FIXED.v,coq,530,Axiom,exp_rel_n_unfold
02_FORMAL/coq/properties/_archive_deprecated/LogicalRelationAssign_PROOF_FIXED.v,coq,542,Axiom,exp_rel_n_unit
02_FORMAL/coq/properties/_archive_deprecated/LogicalRelationAssign_PROOF_FIXED.v,coq,545,Axiom,exp_rel_n_base
02_FORMAL/coq/properties/_archive_deprecated/LogicalRelationAssign_PROOF_FIXED.v,coq,548,Axiom,exp_rel_n_assign
02_FORMAL/coq/properties/_archive_deprecated/LogicalRelationAssign_PROOF_FIXED.v,coq,565,Axiom,fundamental_theorem
02_FORMAL/coq/properties/_archive_deprecated/LogicalRelationDeclassify_PROOF.v,coq,142,admit tactic,
02_FORMAL/coq/properties/_archive_deprecated/LogicalRelationDeclassify_PROOF.v,coq,154,admit tactic,
02_FORMAL/coq/properties/_archive_deprecated/LogicalRelationDeclassify_PROOF.v,coq,163,Admitted,
02_FORMAL/coq/properties/_archive_deprecated/LogicalRelationDeclassify_PROOF.v,coq,221,admit tactic,
02_FORMAL/coq/properties/_archive_deprecated/LogicalRelationDeclassify_PROOF.v,coq,222,Admitted,
02_FORMAL/coq/properties/_archive_deprecated/LogicalRelationDeclassify_PROOF.v,coq,402,Axiom,step_deterministic
02_FORMAL/coq/properties/_archive_deprecated/LogicalRelationDeclassify_PROOF.v,coq,409,Axiom,fundamental_lemma
02_FORMAL/coq/properties/_archive_deprecated/LogicalRelationDeclassify_PROOF.v,coq,418,Axiom,subst_declassify
02_FORMAL/coq/properties/_archive_deprecated/LogicalRelationDeclassify_PROOF.v,coq,423,Axiom,lc_declassify
02_FORMAL/coq/properties/_archive_deprecated/LogicalRelationDeclassify_PROOF.v,coq,429,Axiom,value_is_lc
02_FORMAL/coq/properties/_archive_deprecated/LogicalRelationDeclassify_PROOF.v,coq,435,Axiom,val_rel_n_monotone
02_FORMAL/coq/properties/_archive_deprecated/LogicalRelationDeclassify_PROOF.v,coq,442,Axiom,val_rel_n_base
02_FORMAL/coq/properties/_archive_deprecated/LogicalRelationDeclassify_PROOF.v,coq,449,Axiom,multi_ctx_declassify
02_FORMAL/coq/properties/_archive_deprecated/LogicalRelationDeclassify_PROOF.v,coq,455,Axiom,ST_Declassify_Ctx
02_FORMAL/coq/properties/_archive_deprecated/LogicalRelationDeclassify_PROOF.v,coq,461,Axiom,declassify_ctx_preserves_rel
02_FORMAL/coq/properties/_archive_deprecated/LogicalRelationDeclassify_PROOF_REFINED.v,coq,115,Axiom,subst_rho_declassify_dist
02_FORMAL/coq/properties/_archive_deprecated/LogicalRelationDeclassify_PROOF_REFINED.v,coq,119,Axiom,fundamental_lemma
02_FORMAL/coq/properties/_archive_deprecated/LogicalRelationDeclassify_PROOF_REFINED.v,coq,127,Axiom,val_rel_secret_unwrap
02_FORMAL/coq/properties/_archive_deprecated/LogicalRelationDeclassify_PROOF_REFINED.v,coq,139,Axiom,exp_rel_n_unfold
02_FORMAL/coq/properties/_archive_deprecated/LogicalRelationDeclassify_PROOF_REFINED.v,coq,156,Axiom,declassify_eval
02_FORMAL/coq/properties/_archive_deprecated/LogicalRelationDeclassify_PROOF_REFINED.v,coq,162,Axiom,lc_declassify
02_FORMAL/coq/properties/_archive_deprecated/LogicalRelationDeclassify_PROOF_REFINED.v,coq,166,Axiom,exp_rel_n_mono
02_FORMAL/coq/properties/_archive_deprecated/LogicalRelationDeclassify_PROOF_REFINED.v,coq,172,Axiom,val_rel_n_mono
02_FORMAL/coq/properties/_archive_deprecated/LogicalRelationDeclassify_PROOF_REFINED.v,coq,269,admit tactic,
02_FORMAL/coq/properties/_archive_deprecated/LogicalRelationDeclassify_PROOF_REFINED.v,coq,271,admit tactic,
02_FORMAL/coq/properties/_archive_deprecated/LogicalRelationDeclassify_PROOF_REFINED.v,coq,275,admit tactic,
02_FORMAL/coq/properties/_archive_deprecated/LogicalRelationDeclassify_PROOF_REFINED.v,coq,276,Admitted,
02_FORMAL/coq/properties/_archive_deprecated/LogicalRelationDeclassify_PROOF_REFINED.v,coq,332,admit tactic,
02_FORMAL/coq/properties/_archive_deprecated/LogicalRelationDeclassify_PROOF_REFINED.v,coq,335,admit tactic,
02_FORMAL/coq/properties/_archive_deprecated/LogicalRelationDeclassify_PROOF_REFINED.v,coq,348,admit tactic,
02_FORMAL/coq/properties/_archive_deprecated/LogicalRelationDeclassify_PROOF_REFINED.v,coq,349,Admitted,
02_FORMAL/coq/properties/_archive_deprecated/LogicalRelationDeclassify_v2.v,coq,178,Axiom,declassify_value_related
02_FORMAL/coq/properties/_archive_deprecated/LogicalRelationDeclassify_v2.v,coq,232,admit tactic,
02_FORMAL/coq/properties/_archive_deprecated/LogicalRelationDeclassify_v2.v,coq,233,Admitted,
02_FORMAL/coq/properties/_archive_deprecated/LogicalRelationDeclassify_v2.v,coq,253,admit tactic,
02_FORMAL/coq/properties/_archive_deprecated/LogicalRelationDeclassify_v2.v,coq,254,Admitted,
02_FORMAL/coq/properties/_archive_deprecated/LogicalRelationDeref_PROOF_FINAL.v,coq,123,Axiom,has_type
02_FORMAL/coq/properties/_archive_deprecated/LogicalRelationDeref_PROOF_FINAL.v,coq,323,Axiom,store_contains_values
02_FORMAL/coq/properties/_archive_deprecated/LogicalRelationDeref_PROOF_FINAL.v,coq,326,Axiom,store_rel_same_domain
02_FORMAL/coq/properties/_archive_deprecated/LogicalRelationDeref_PROOF_FINAL.v,coq,332,Axiom,store_well_typed
02_FORMAL/coq/properties/_archive_deprecated/LogicalRelationDeref_PROOF_FINAL.v,coq,340,Axiom,fundamental_lemma
02_FORMAL/coq/properties/_archive_deprecated/LogicalRelationDeref_PROOF_FINAL.v,coq,347,Axiom,fundamental_ref_produces_typed_loc
02_FORMAL/coq/properties/_archive_deprecated/LogicalRelationDeref_PROOF_FINAL.v,coq,360,Axiom,deref_eval_structure
02_FORMAL/coq/properties/_archive_deprecated/LogicalRelationRef_PROOF.v,coq,132,Axiom,store_ty_fresh_loc_none
02_FORMAL/coq/properties/_archive_deprecated/LogicalRelationRef_PROOF.v,coq,439,admit tactic,
02_FORMAL/coq/properties/_archive_deprecated/LogicalRelationRef_PROOF.v,coq,440,Admitted,
02_FORMAL/coq/properties/_archive_deprecated/MasterTheorem.v,coq,111,admit tactic,
02_FORMAL/coq/properties/_archive_deprecated/MasterTheorem.v,coq,112,Admitted,
02_FORMAL/coq/properties/_archive_deprecated/MasterTheorem.v,coq,139,admit tactic,
02_FORMAL/coq/properties/_archive_deprecated/MasterTheorem.v,coq,146,Admitted,
02_FORMAL/coq/properties/_archive_deprecated/MasterTheorem.v,coq,788,admit tactic,
02_FORMAL/coq/properties/_archive_deprecated/MasterTheorem.v,coq,845,Admitted,
02_FORMAL/coq/properties/_archive_deprecated/MasterTheorem.v,coq,991,admit tactic,
02_FORMAL/coq/properties/_archive_deprecated/MasterTheorem.v,coq,992,admit tactic,
02_FORMAL/coq/properties/_archive_deprecated/MasterTheorem.v,coq,993,admit tactic,
02_FORMAL/coq/properties/_archive_deprecated/MasterTheorem.v,coq,994,admit tactic,
02_FORMAL/coq/properties/_archive_deprecated/MasterTheorem.v,coq,995,admit tactic,
02_FORMAL/coq/properties/_archive_deprecated/MasterTheorem.v,coq,996,admit tactic,
02_FORMAL/coq/properties/_archive_deprecated/MasterTheorem.v,coq,997,admit tactic,
02_FORMAL/coq/properties/_archive_deprecated/MasterTheorem.v,coq,998,admit tactic,
02_FORMAL/coq/properties/_archive_deprecated/MasterTheorem.v,coq,999,admit tactic,
02_FORMAL/coq/properties/_archive_deprecated/MasterTheorem.v,coq,1000,Admitted,
02_FORMAL/coq/properties/_archive_deprecated/MasterTheorem.v,coq,1116,admit tactic,
02_FORMAL/coq/properties/_archive_deprecated/MasterTheorem.v,coq,1117,Admitted,
02_FORMAL/coq/properties/_archive_deprecated/MasterTheorem.v,coq,1268,admit tactic,
02_FORMAL/coq/properties/_archive_deprecated/MasterTheorem.v,coq,1269,Admitted,
02_FORMAL/coq/properties/_archive_deprecated/MasterTheorem.v,coq,2132,Admitted,
02_FORMAL/coq/properties/_archive_deprecated/MultiStepInversion.v,coq,568,Axiom,store_contains_values
02_FORMAL/coq/properties/_archive_deprecated/NonInterferenceKripke.v,coq,265,admit tactic,
02_FORMAL/coq/properties/_archive_deprecated/NonInterferenceKripke.v,coq,266,Admitted,
02_FORMAL/coq/properties/_archive_deprecated/NonInterferenceKripke.v,coq,319,admit tactic,
02_FORMAL/coq/properties/_archive_deprecated/NonInterferenceKripke.v,coq,342,admit tactic,
02_FORMAL/coq/properties/_archive_deprecated/NonInterferenceKripke.v,coq,343,Admitted,
02_FORMAL/coq/properties/_archive_deprecated/NonInterferenceKripke.v,coq,367,admit tactic,
02_FORMAL/coq/properties/_archive_deprecated/NonInterferenceKripke.v,coq,368,Admitted,
02_FORMAL/coq/properties/_archive_deprecated/NonInterferenceLegacy.v,coq,921,admit tactic,
02_FORMAL/coq/properties/_archive_deprecated/NonInterferenceLegacy.v,coq,922,Admitted,
02_FORMAL/coq/properties/_archive_deprecated/NonInterferenceLegacy.v,coq,1033,admit tactic,
02_FORMAL/coq/properties/_archive_deprecated/NonInterferenceLegacy.v,coq,1038,admit tactic,
02_FORMAL/coq/properties/_archive_deprecated/NonInterferenceLegacy.v,coq,1041,Admitted,
02_FORMAL/coq/properties/_archive_deprecated/NonInterferenceLegacy.v,coq,1281,Axiom,val_rel_n_to_val_rel
02_FORMAL/coq/properties/_archive_deprecated/NonInterferenceLegacy.v,coq,1306,Axiom,exp_rel_step1_fst
02_FORMAL/coq/properties/_archive_deprecated/NonInterferenceLegacy.v,coq,1318,Axiom,exp_rel_step1_snd
02_FORMAL/coq/properties/_archive_deprecated/NonInterferenceLegacy.v,coq,1330,Axiom,exp_rel_step1_case
02_FORMAL/coq/properties/_archive_deprecated/NonInterferenceLegacy.v,coq,1342,Axiom,exp_rel_step1_if
02_FORMAL/coq/properties/_archive_deprecated/NonInterferenceLegacy.v,coq,1354,Axiom,exp_rel_step1_let
02_FORMAL/coq/properties/_archive_deprecated/NonInterferenceLegacy.v,coq,1366,Axiom,exp_rel_step1_handle
02_FORMAL/coq/properties/_archive_deprecated/NonInterferenceLegacy.v,coq,1378,Axiom,exp_rel_step1_app
02_FORMAL/coq/properties/_archive_deprecated/NonInterferenceLegacy.v,coq,1398,Axiom,tapp_step0_complete
02_FORMAL/coq/properties/_archive_deprecated/NonInterferenceLegacy.v,coq,1561,Axiom,val_rel_n_step_up
02_FORMAL/coq/properties/_archive_deprecated/NonInterferenceLegacy.v,coq,1567,Axiom,store_rel_n_step_up
02_FORMAL/coq/properties/_archive_deprecated/NonInterferenceLegacy.v,coq,1577,Axiom,val_rel_n_lam_cumulative
02_FORMAL/coq/properties/_archive_deprecated/NonInterferenceLegacy.v,coq,1586,Axiom,val_rel_at_type_to_val_rel_ho
02_FORMAL/coq/properties/_archive_deprecated/NonInterferenceLegacy.v,coq,2118,Axiom,logical_relation_ref
02_FORMAL/coq/properties/_archive_deprecated/NonInterferenceLegacy.v,coq,2128,Axiom,logical_relation_deref
02_FORMAL/coq/properties/_archive_deprecated/NonInterferenceLegacy.v,coq,2138,Axiom,logical_relation_assign
02_FORMAL/coq/properties/_archive_deprecated/NonInterferenceLegacy.v,coq,2151,Axiom,logical_relation_declassify
02_FORMAL/coq/properties/_archive_deprecated/NonInterferenceLegacy.v,coq,3828,admit tactic,
02_FORMAL/coq/properties/_archive_deprecated/NonInterferenceLegacy.v,coq,3829,admit tactic,
02_FORMAL/coq/properties/_archive_deprecated/NonInterferenceLegacy.v,coq,4883,Admitted,
02_FORMAL/coq/properties/_archive_deprecated/NonInterferenceZero.v,coq,187,admit tactic,
02_FORMAL/coq/properties/_archive_deprecated/NonInterferenceZero.v,coq,222,Admitted,
02_FORMAL/coq/properties/_archive_deprecated/NonInterferenceZero.v,coq,260,admit tactic,
02_FORMAL/coq/properties/_archive_deprecated/NonInterferenceZero.v,coq,261,Admitted,
02_FORMAL/coq/properties/_archive_deprecated/NonInterferenceZero.v,coq,283,admit tactic,
02_FORMAL/coq/properties/_archive_deprecated/NonInterferenceZero.v,coq,286,Admitted,
02_FORMAL/coq/properties/_archive_deprecated/NonInterferenceZero.v,coq,420,admit tactic,
02_FORMAL/coq/properties/_archive_deprecated/NonInterferenceZero.v,coq,455,Admitted,
02_FORMAL/coq/properties/_archive_deprecated/NonInterferenceZero.v,coq,470,admit tactic,
02_FORMAL/coq/properties/_archive_deprecated/NonInterferenceZero.v,coq,471,Admitted,
02_FORMAL/coq/properties/_archive_deprecated/NonInterference_v2_DEFINITIVE_PATCH.v,coq,375,admit tactic,
02_FORMAL/coq/properties/_archive_deprecated/NonInterference_v2_DEFINITIVE_PATCH.v,coq,376,Admitted,
02_FORMAL/coq/properties/_archive_deprecated/NonInterference_v2_DEFINITIVE_PATCH.v,coq,387,admit tactic,
02_FORMAL/coq/properties/_archive_deprecated/NonInterference_v2_DEFINITIVE_PATCH.v,coq,388,Admitted,
02_FORMAL/coq/properties/_archive_deprecated/NonInterference_v2_DEFINITIVE_PATCH.v,coq,397,admit tactic,
02_FORMAL/coq/properties/_archive_deprecated/NonInterference_v2_DEFINITIVE_PATCH.v,coq,398,Admitted,
02_FORMAL/coq/properties/_archive_deprecated/NonInterference_v2_DEFINITIVE_PATCH.v,coq,413,admit tactic,
02_FORMAL/coq/properties/_archive_deprecated/NonInterference_v2_DEFINITIVE_PATCH.v,coq,414,Admitted,
02_FORMAL/coq/properties/_archive_deprecated/NonInterference_v2_DEFINITIVE_PATCH.v,coq,423,admit tactic,
02_FORMAL/coq/properties/_archive_deprecated/NonInterference_v2_DEFINITIVE_PATCH.v,coq,424,Admitted,
02_FORMAL/coq/properties/_archive_deprecated/NonInterference_v2_DEFINITIVE_PATCH.v,coq,433,admit tactic,
02_FORMAL/coq/properties/_archive_deprecated/NonInterference_v2_DEFINITIVE_PATCH.v,coq,434,Admitted,
02_FORMAL/coq/properties/_archive_deprecated/Phase3_Infrastructure_Helpers_FINAL.v,coq,45,Axiom,store_ty_extends_has_type
02_FORMAL/coq/properties/_archive_deprecated/Phase3_Infrastructure_Helpers_FINAL.v,coq,77,Axiom,value_typing_from_val_rel_FO
02_FORMAL/coq/properties/_archive_deprecated/Phase3_Infrastructure_Helpers_FINAL.v,coq,153,Axiom,FO_noninterference_pure
02_FORMAL/coq/properties/_archive_deprecated/Phase3_Infrastructure_Helpers_FINAL.v,coq,174,Axiom,pure_eval_preserves_store
02_FORMAL/coq/properties/_archive_deprecated/ReducibilityFull_FINAL.v,coq,658,admit tactic,
02_FORMAL/coq/properties/_archive_deprecated/ReducibilityFull_FINAL.v,coq,659,Admitted,
02_FORMAL/coq/properties/_archive_deprecated/ReducibilityFull_FINAL.v,coq,689,Axiom,store_wf_initial
02_FORMAL/coq/properties/_archive_deprecated/ReducibilityFull_FINAL.v,coq,1028,admit tactic,
02_FORMAL/coq/properties/_archive_deprecated/ReducibilityFull_FINAL.v,coq,1170,Admitted,
02_FORMAL/coq/properties/_archive_deprecated/RelationBridge.v,coq,105,admit tactic,
02_FORMAL/coq/properties/_archive_deprecated/RelationBridge.v,coq,106,Admitted,
02_FORMAL/coq/properties/_archive_deprecated/RelationBridge.v,coq,115,admit tactic,
02_FORMAL/coq/properties/_archive_deprecated/RelationBridge.v,coq,116,Admitted,
02_FORMAL/coq/properties/_archive_deprecated/RelationBridge.v,coq,149,admit tactic,
02_FORMAL/coq/properties/_archive_deprecated/RelationBridge.v,coq,150,Admitted,
02_FORMAL/coq/properties/_archive_deprecated/RelationBridge.v,coq,162,admit tactic,
02_FORMAL/coq/properties/_archive_deprecated/RelationBridge.v,coq,163,Admitted,
02_FORMAL/coq/properties/_archive_deprecated/RelationBridge.v,coq,173,admit tactic,
02_FORMAL/coq/properties/_archive_deprecated/RelationBridge.v,coq,174,Admitted,
02_FORMAL/coq/properties/_archive_deprecated/StepUpFromSN.v,coq,270,admit tactic,
02_FORMAL/coq/properties/_archive_deprecated/StepUpFromSN.v,coq,271,Admitted,
02_FORMAL/coq/properties/_archive_deprecated/StepUpFromSN.v,coq,301,admit tactic,
02_FORMAL/coq/properties/_archive_deprecated/StepUpFromSN.v,coq,309,admit tactic,
02_FORMAL/coq/properties/_archive_deprecated/StepUpFromSN.v,coq,324,admit tactic,
02_FORMAL/coq/properties/_archive_deprecated/StepUpFromSN.v,coq,325,Admitted,
02_FORMAL/coq/properties/_archive_deprecated/StepUpFromSN.v,coq,388,admit tactic,
02_FORMAL/coq/properties/_archive_deprecated/StepUpFromSN.v,coq,396,Admitted,
02_FORMAL/coq/properties/_archive_deprecated/StrongNormalization_v2.v,coq,647,admit tactic,
02_FORMAL/coq/properties/_archive_deprecated/StrongNormalization_v2.v,coq,653,admit tactic,
02_FORMAL/coq/properties/_archive_deprecated/StrongNormalization_v2.v,coq,667,admit tactic,
02_FORMAL/coq/properties/_archive_deprecated/StrongNormalization_v2.v,coq,675,admit tactic,
02_FORMAL/coq/properties/_archive_deprecated/StrongNormalization_v2.v,coq,678,admit tactic,
02_FORMAL/coq/properties/_archive_deprecated/StrongNormalization_v2.v,coq,679,admit tactic,
02_FORMAL/coq/properties/_archive_deprecated/StrongNormalization_v2.v,coq,680,admit tactic,
02_FORMAL/coq/properties/_archive_deprecated/StrongNormalization_v2.v,coq,681,admit tactic,
02_FORMAL/coq/properties/_archive_deprecated/StrongNormalization_v2.v,coq,682,admit tactic,
02_FORMAL/coq/properties/_archive_deprecated/StrongNormalization_v2.v,coq,683,admit tactic,
02_FORMAL/coq/properties/_archive_deprecated/StrongNormalization_v2.v,coq,684,admit tactic,
02_FORMAL/coq/properties/_archive_deprecated/StrongNormalization_v2.v,coq,685,admit tactic,
02_FORMAL/coq/properties/_archive_deprecated/StrongNormalization_v2.v,coq,686,admit tactic,
02_FORMAL/coq/properties/_archive_deprecated/StrongNormalization_v2.v,coq,687,admit tactic,
02_FORMAL/coq/properties/_archive_deprecated/StrongNormalization_v2.v,coq,688,admit tactic,
02_FORMAL/coq/properties/_archive_deprecated/StrongNormalization_v2.v,coq,689,admit tactic,
02_FORMAL/coq/properties/_archive_deprecated/StrongNormalization_v2.v,coq,690,admit tactic,
02_FORMAL/coq/properties/_archive_deprecated/StrongNormalization_v2.v,coq,691,admit tactic,
02_FORMAL/coq/properties/_archive_deprecated/StrongNormalization_v2.v,coq,692,admit tactic,
02_FORMAL/coq/properties/_archive_deprecated/StrongNormalization_v2.v,coq,693,admit tactic,
02_FORMAL/coq/properties/_archive_deprecated/StrongNormalization_v2.v,coq,694,admit tactic,
02_FORMAL/coq/properties/_archive_deprecated/StrongNormalization_v2.v,coq,695,Admitted,
02_FORMAL/coq/properties/_archive_deprecated/StrongNormalization_v2.v,coq,729,admit tactic,
02_FORMAL/coq/properties/_archive_deprecated/StrongNormalization_v2.v,coq,732,admit tactic,
02_FORMAL/coq/properties/_archive_deprecated/StrongNormalization_v2.v,coq,734,admit tactic,
02_FORMAL/coq/properties/_archive_deprecated/StrongNormalization_v2.v,coq,736,admit tactic,
02_FORMAL/coq/properties/_archive_deprecated/StrongNormalization_v2.v,coq,741,admit tactic,
02_FORMAL/coq/properties/_archive_deprecated/StrongNormalization_v2.v,coq,745,admit tactic,
02_FORMAL/coq/properties/_archive_deprecated/StrongNormalization_v2.v,coq,749,admit tactic,
02_FORMAL/coq/properties/_archive_deprecated/StrongNormalization_v2.v,coq,750,Admitted,
02_FORMAL/coq/properties/_archive_deprecated/StrongNormalization_v2.v,coq,799,admit tactic,
02_FORMAL/coq/properties/_archive_deprecated/StrongNormalization_v2.v,coq,807,admit tactic,
02_FORMAL/coq/properties/_archive_deprecated/StrongNormalization_v2.v,coq,808,Admitted,
02_FORMAL/coq/properties/_archive_deprecated/TypedConversion.v,coq,309,admit tactic,
02_FORMAL/coq/properties/_archive_deprecated/TypedConversion.v,coq,310,Admitted,
02_FORMAL/coq/properties/_archive_deprecated/TypedConversion.v,coq,384,admit tactic,
02_FORMAL/coq/properties/_archive_deprecated/TypedConversion.v,coq,385,Admitted,
02_FORMAL/coq/properties/_archive_deprecated/TypedConversion.v,coq,394,admit tactic,
02_FORMAL/coq/properties/_archive_deprecated/TypedConversion.v,coq,395,Admitted,
02_FORMAL/coq/properties/_archive_deprecated/TypedConversion.v,coq,437,admit tactic,
02_FORMAL/coq/properties/_archive_deprecated/TypedConversion.v,coq,438,Admitted,
02_FORMAL/coq/properties/_archive_deprecated/TypedConversion.v,coq,540,Admitted,
02_FORMAL/coq/properties/_archive_deprecated/store_rel_weaken_dropin.v,coq,102,admit tactic,
02_FORMAL/coq/properties/_archive_deprecated/store_rel_weaken_dropin.v,coq,116,admit tactic,
02_FORMAL/coq/properties/_archive_deprecated/store_rel_weaken_dropin.v,coq,118,Admitted,
02_FORMAL/coq/properties/_archive_deprecated/store_rel_weaken_proof.v,coq,72,Axiom,val_rel_n_fo_sigma_independent
02_FORMAL/coq/properties/_archive_deprecated/store_rel_weaken_proof.v,coq,99,Axiom,val_rel_n_weaken_general
02_FORMAL/lean/RIINA/Compliance/DO178CCompliance.lean,lean,280,sorry,
02_FORMAL/lean/RIINA/Compliance/DO178CCompliance.lean,lean,407,sorry,
02_FORMAL/lean/RIINA/Compliance/HIPAACompliance.lean,lean,171,sorry,
02_FORMAL/lean/RIINA/Compliance/HIPAACompliance.lean,lean,198,sorry,
02_FORMAL/lean/RIINA/Compliance/PCIDSSCompliance.lean,lean,239,sorry,
02_FORMAL/lean/RIINA/Domains/AlgebraicEffects.lean,lean,116,sorry,
02_FORMAL/lean/RIINA/Domains/AuthenticationSecurity.lean,lean,196,sorry,
02_FORMAL/lean/RIINA/Domains/BackendComposition.lean,lean,68,sorry,
02_FORMAL/lean/RIINA/Domains/CSRFProtection.lean,lean,96,sorry,
02_FORMAL/lean/RIINA/Domains/CapabilitySecurity.lean,lean,323,sorry,
02_FORMAL/lean/RIINA/Domains/CapitalMarkets.lean,lean,118,sorry,
02_FORMAL/lean/RIINA/Domains/CommonCriteriaEAL7.lean,lean,310,sorry,
02_FORMAL/lean/RIINA/Domains/CovertChannels.lean,lean,180,sorry,
02_FORMAL/lean/RIINA/Domains/CovertChannels.lean,lean,183,sorry,
02_FORMAL/lean/RIINA/Domains/CovertChannels.lean,lean,226,sorry,
02_FORMAL/lean/RIINA/Domains/CrossLayerSecurity.lean,lean,74,sorry,
02_FORMAL/lean/RIINA/Domains/CrossLayerSecurity.lean,lean,77,sorry,
02_FORMAL/lean/RIINA/Domains/CrossLayerSecurity.lean,lean,80,sorry,
02_FORMAL/lean/RIINA/Domains/DELTA001_VerifiedDistribution.lean,lean,156,sorry,
02_FORMAL/lean/RIINA/Domains/DO178CCompliance.lean,lean,192,sorry,
02_FORMAL/lean/RIINA/Domains/DO178CCompliance.lean,lean,286,sorry,
02_FORMAL/lean/RIINA/Domains/DigitalWallet.lean,lean,346,sorry,
02_FORMAL/lean/RIINA/Domains/DigitalWallet.lean,lean,349,sorry,
02_FORMAL/lean/RIINA/Domains/EnterpriseERP.lean,lean,129,sorry,
02_FORMAL/lean/RIINA/Domains/FormalVerification.lean,lean,294,sorry,
02_FORMAL/lean/RIINA/Domains/FormalVerification.lean,lean,337,sorry,
02_FORMAL/lean/RIINA/Domains/FormalVerification.lean,lean,356,sorry,
02_FORMAL/lean/RIINA/Domains/FormalVerification.lean,lean,383,sorry,
02_FORMAL/lean/RIINA/Domains/FullstackSecurity.lean,lean,90,sorry,
02_FORMAL/lean/RIINA/Domains/FullstackSecurity.lean,lean,114,sorry,
02_FORMAL/lean/RIINA/Domains/FutureSecurity.lean,lean,332,sorry,
02_FORMAL/lean/RIINA/Domains/FutureSecurity.lean,lean,395,sorry,
02_FORMAL/lean/RIINA/Domains/HIPAACompliance.lean,lean,177,sorry,
02_FORMAL/lean/RIINA/Domains/HIPAACompliance.lean,lean,204,sorry,
02_FORMAL/lean/RIINA/Domains/HealthcareIS.lean,lean,499,sorry,
02_FORMAL/lean/RIINA/Domains/HealthcareIS.lean,lean,511,sorry,
02_FORMAL/lean/RIINA/Domains/HealthcareIS.lean,lean,514,sorry,
02_FORMAL/lean/RIINA/Domains/HealthcareIS.lean,lean,541,sorry,
02_FORMAL/lean/RIINA/Domains/HealthcareIS.lean,lean,556,sorry,
02_FORMAL/lean/RIINA/Domains/HumanFactorSecurity.lean,lean,258,sorry,
02_FORMAL/lean/RIINA/Domains/HumanFactorSecurity.lean,lean,261,sorry,
02_FORMAL/lean/RIINA/Domains/HumanFactorSecurity.lean,lean,281,sorry,
02_FORMAL/lean/RIINA/Domains/HumanFactorSecurity.lean,lean,284,sorry,
02_FORMAL/lean/RIINA/Domains/HumanFactorSecurity.lean,lean,315,sorry,
02_FORMAL/lean/RIINA/Domains/HumanFactorSecurity.lean,lean,326,sorry,
02_FORMAL/lean/RIINA/Domains/HumanFactorSecurity.lean,lean,329,sorry,
02_FORMAL/lean/RIINA/Domains/ISO26262Compliance.lean,lean,151,sorry,
02_FORMAL/lean/RIINA/Domains/ISO26262Compliance.lean,lean,198,sorry,
02_FORMAL/lean/RIINA/Domains/InjectionPrevention.lean,lean,137,sorry,
02_FORMAL/lean/RIINA/Domains/IrisSeparationLogic.lean,lean,86,sorry,
02_FORMAL/lean/RIINA/Domains/KeyLifecycle.lean,lean,99,sorry,
02_FORMAL/lean/RIINA/Domains/LinearTypes.lean,lean,116,sorry,
02_FORMAL/lean/RIINA/Domains/LinearTypes.lean,lean,119,sorry,
02_FORMAL/lean/RIINA/Domains/LinearTypes.lean,lean,122,sorry,
02_FORMAL/lean/RIINA/Domains/LinearTypes.lean,lean,125,sorry,
02_FORMAL/lean/RIINA/Domains/LinearTypes.lean,lean,178,sorry,
02_FORMAL/lean/RIINA/Domains/MalaysiaBNMRMiT.lean,lean,101,sorry,
02_FORMAL/lean/RIINA/Domains/MalaysiaMAMPU.lean,lean,79,sorry,
02_FORMAL/lean/RIINA/Domains/MalaysiaMAMPU.lean,lean,90,sorry,
02_FORMAL/lean/RIINA/Domains/MalaysiaPDPA.lean,lean,152,sorry,
02_FORMAL/lean/RIINA/Domains/MalaysiaPDPA.lean,lean,159,sorry,
02_FORMAL/lean/RIINA/Domains/MalaysiaPDPA.lean,lean,168,sorry,
02_FORMAL/lean/RIINA/Domains/MemorySafety.lean,lean,379,sorry,
02_FORMAL/lean/RIINA/Domains/MemorySafety.lean,lean,382,sorry,
02_FORMAL/lean/RIINA/Domains/MemorySafety.lean,lean,385,sorry,
02_FORMAL/lean/RIINA/Domains/MemorySafety.lean,lean,400,sorry,
02_FORMAL/lean/RIINA/Domains/MemorySafety.lean,lean,403,sorry,
02_FORMAL/lean/RIINA/Domains/MetadataPrivacy.lean,lean,90,sorry,
02_FORMAL/lean/RIINA/Domains/Metaprogramming.lean,lean,279,sorry,
02_FORMAL/lean/RIINA/Domains/Metaprogramming.lean,lean,286,sorry,
02_FORMAL/lean/RIINA/Domains/Metaprogramming.lean,lean,302,sorry,
02_FORMAL/lean/RIINA/Domains/Metaprogramming.lean,lean,325,sorry,
02_FORMAL/lean/RIINA/Domains/Metaprogramming.lean,lean,328,sorry,
02_FORMAL/lean/RIINA/Domains/MobileBridgeVerification.lean,lean,126,sorry,
02_FORMAL/lean/RIINA/Domains/MobileOS/AnimationSystem.lean,lean,174,sorry,
02_FORMAL/lean/RIINA/Domains/MobileOS/AnimationSystem.lean,lean,212,sorry,
02_FORMAL/lean/RIINA/Domains/MobileOS/AppDistribution.lean,lean,262,sorry,
02_FORMAL/lean/RIINA/Domains/MobileOS/AppDistribution.lean,lean,296,sorry,
02_FORMAL/lean/RIINA/Domains/MobileOS/ApplicationLifecycle.lean,lean,153,sorry,
02_FORMAL/lean/RIINA/Domains/MobileOS/ApplicationLifecycle.lean,lean,164,sorry,
02_FORMAL/lean/RIINA/Domains/MobileOS/ApplicationLifecycle.lean,lean,171,sorry,
02_FORMAL/lean/RIINA/Domains/MobileOS/BiometricSystem.lean,lean,152,sorry,
02_FORMAL/lean/RIINA/Domains/MobileOS/ConcurrencyFramework.lean,lean,169,sorry,
02_FORMAL/lean/RIINA/Domains/MobileOS/FileSystem.lean,lean,248,sorry,
02_FORMAL/lean/RIINA/Domains/MobileOS/NetworkingStack.lean,lean,209,sorry,
02_FORMAL/lean/RIINA/Domains/MobileOS/PowerManagement.lean,lean,170,sorry,
02_FORMAL/lean/RIINA/Domains/MobileOS/PowerManagement.lean,lean,173,sorry,
02_FORMAL/lean/RIINA/Domains/MobileOS/TouchGestureSystem.lean,lean,139,sorry,
02_FORMAL/lean/RIINA/Domains/MobileOS/UIComponents.lean,lean,258,sorry,
02_FORMAL/lean/RIINA/Domains/MobileOS/UIComponents.lean,lean,265,sorry,
02_FORMAL/lean/RIINA/Domains/MobileOS/UIComponents.lean,lean,280,sorry,
02_FORMAL/lean/RIINA/Domains/MobileOS/VoiceAssistant.lean,lean,284,sorry,
02_FORMAL/lean/RIINA/Domains/MobileOS/WirelessProtocols.lean,lean,208,sorry,
02_FORMAL/lean/RIINA/Domains/MobilePlatform.lean,lean,109,sorry,
02_FORMAL/lean/RIINA/Domains/MobilePlatform.lean,lean,132,sorry,
02_FORMAL/lean/RIINA/Domains/MobilePlatform.lean,lean,154,sorry,
02_FORMAL/lean/RIINA/Domains/ModuleSystems.lean,lean,252,sorry,
02_FORMAL/lean/RIINA/Domains/ModuleSystems.lean,lean,255,sorry,
02_FORMAL/lean/RIINA/Domains/ModuleSystems.lean,lean,381,sorry,
02_FORMAL/lean/RIINA/Domains/MultiProverValidation.lean,lean,99,sorry,
02_FORMAL/lean/RIINA/Domains/MultiProverValidation.lean,lean,102,sorry,
02_FORMAL/lean/RIINA/Domains/MultiProverValidation.lean,lean,105,sorry,
02_FORMAL/lean/RIINA/Domains/NetworkDefense.lean,lean,274,sorry,
02_FORMAL/lean/RIINA/Domains/OwnershipTypes.lean,lean,124,sorry,
02_FORMAL/lean/RIINA/Domains/OwnershipTypes.lean,lean,127,sorry,
02_FORMAL/lean/RIINA/Domains/OwnershipTypes.lean,lean,130,sorry,
02_FORMAL/lean/RIINA/Domains/OwnershipTypes.lean,lean,141,sorry,
02_FORMAL/lean/RIINA/Domains/OwnershipTypes.lean,lean,144,sorry,
02_FORMAL/lean/RIINA/Domains/OwnershipTypes.lean,lean,147,sorry,
02_FORMAL/lean/RIINA/Domains/PCIDSSCompliance.lean,lean,239,sorry,
02_FORMAL/lean/RIINA/Domains/PSI001_OperationalSecurity.lean,lean,228,sorry,
02_FORMAL/lean/RIINA/Domains/PSI001_OperationalSecurity.lean,lean,235,sorry,
02_FORMAL/lean/RIINA/Domains/PhysicsSecurity.lean,lean,121,sorry,
02_FORMAL/lean/RIINA/Domains/PlatformStdlibVerification.lean,lean,81,sorry,
02_FORMAL/lean/RIINA/Domains/PostQuantumKEM.lean,lean,139,sorry,
02_FORMAL/lean/RIINA/Domains/PostQuantumSignatures.lean,lean,163,sorry,
02_FORMAL/lean/RIINA/Domains/QuantitativeDeclassification.lean,lean,61,sorry,
02_FORMAL/lean/RIINA/Domains/QuantitativeDeclassification.lean,lean,64,sorry,
02_FORMAL/lean/RIINA/Domains/QuantumSafeTLS.lean,lean,333,sorry,
02_FORMAL/lean/RIINA/Domains/QuantumTypes.lean,lean,80,sorry,
02_FORMAL/lean/RIINA/Domains/QuantumTypes.lean,lean,83,sorry,
02_FORMAL/lean/RIINA/Domains/ROPDefense.lean,lean,227,sorry,
02_FORMAL/lean/RIINA/Domains/ROPDefense.lean,lean,247,sorry,
02_FORMAL/lean/RIINA/Domains/RadiationHardening.lean,lean,170,sorry,
02_FORMAL/lean/RIINA/Domains/RadiationHardening.lean,lean,189,sorry,
02_FORMAL/lean/RIINA/Domains/S001_HardwareContracts.lean,lean,132,sorry,
02_FORMAL/lean/RIINA/Domains/S001_HardwareContracts.lean,lean,148,sorry,
02_FORMAL/lean/RIINA/Domains/S001_HardwareContracts.lean,lean,192,sorry,
02_FORMAL/lean/RIINA/Domains/S001_HardwareContracts.lean,lean,195,sorry,
02_FORMAL/lean/RIINA/Domains/SIGMA001_VerifiedStorage.lean,lean,277,sorry,
02_FORMAL/lean/RIINA/Domains/SIGMA001_VerifiedStorage.lean,lean,280,sorry,
02_FORMAL/lean/RIINA/Domains/SecureBootVerification.lean,lean,397,sorry,
02_FORMAL/lean/RIINA/Domains/SecurityFoundation/BootVerification.lean,lean,115,sorry,
02_FORMAL/lean/RIINA/Domains/SecurityFoundation/BootVerification.lean,lean,118,sorry,
02_FORMAL/lean/RIINA/Domains/SecurityFoundation/BootVerification.lean,lean,121,sorry,
02_FORMAL/lean/RIINA/Domains/SecurityFoundation/RollbackProtection.lean,lean,103,sorry,
02_FORMAL/lean/RIINA/Domains/SecurityFoundation/RollbackProtection.lean,lean,125,sorry,
02_FORMAL/lean/RIINA/Domains/SecurityFoundation/RollbackProtection.lean,lean,128,sorry,
02_FORMAL/lean/RIINA/Domains/SecurityFoundation/SensorDrivers.lean,lean,107,sorry,
02_FORMAL/lean/RIINA/Domains/SessionTypes.lean,lean,122,sorry,
02_FORMAL/lean/RIINA/Domains/SingaporeMTCS.lean,lean,113,sorry,
02_FORMAL/lean/RIINA/Domains/SingaporePDPA.lean,lean,172,sorry,
02_FORMAL/lean/RIINA/Domains/SingaporePDPA.lean,lean,175,sorry,
02_FORMAL/lean/RIINA/Domains/SingaporePDPA.lean,lean,292,sorry,
02_FORMAL/lean/RIINA/Domains/SpeculativeExecution.lean,lean,82,sorry,
02_FORMAL/lean/RIINA/Domains/SpeculativeExecution.lean,lean,85,sorry,
02_FORMAL/lean/RIINA/Domains/SpeculativeExecution.lean,lean,88,sorry,
02_FORMAL/lean/RIINA/Domains/StandardLibrary.lean,lean,321,sorry,
02_FORMAL/lean/RIINA/Domains/StandardLibrary.lean,lean,336,sorry,
02_FORMAL/lean/RIINA/Domains/StandardLibrary.lean,lean,396,sorry,
02_FORMAL/lean/RIINA/Domains/TEEAttestation.lean,lean,350,sorry,
02_FORMAL/lean/RIINA/Domains/TEEAttestation.lean,lean,353,sorry,
02_FORMAL/lean/RIINA/Domains/TEEAttestation.lean,lean,364,sorry,
02_FORMAL/lean/RIINA/Domains/TestingQA.lean,lean,241,sorry,
02_FORMAL/lean/RIINA/Domains/TestingQA.lean,lean,256,sorry,
02_FORMAL/lean/RIINA/Domains/TestingQA.lean,lean,308,sorry,
02_FORMAL/lean/RIINA/Domains/TestingQA.lean,lean,311,sorry,
02_FORMAL/lean/RIINA/Domains/TimingSecurity.lean,lean,183,sorry,
02_FORMAL/lean/RIINA/Domains/TimingSecurity.lean,lean,190,sorry,
02_FORMAL/lean/RIINA/Domains/TimingSecurity.lean,lean,217,sorry,
02_FORMAL/lean/RIINA/Domains/TimingSecurity.lean,lean,220,sorry,
02_FORMAL/lean/RIINA/Domains/TimingSecurity.lean,lean,223,sorry,
02_FORMAL/lean/RIINA/Domains/TimingSecurity.lean,lean,226,sorry,
02_FORMAL/lean/RIINA/Domains/TimingSecurity.lean,lean,251,sorry,
02_FORMAL/lean/RIINA/Domains/TimingSecurity.lean,lean,274,sorry,
02_FORMAL/lean/RIINA/Domains/TimingSecurity.lean,lean,312,sorry,
02_FORMAL/lean/RIINA/Domains/ToolingIDE.lean,lean,237,sorry,
02_FORMAL/lean/RIINA/Domains/ToolingIDE.lean,lean,296,sorry,
02_FORMAL/lean/RIINA/Domains/ToolingIDE.lean,lean,330,sorry,
02_FORMAL/lean/RIINA/Domains/TotalStackFoundation.lean,lean,158,sorry,
02_FORMAL/lean/RIINA/Domains/TotalStackFoundation.lean,lean,177,sorry,
02_FORMAL/lean/RIINA/Domains/TotalStackFoundation.lean,lean,180,sorry,
02_FORMAL/lean/RIINA/Domains/TotalStackFoundation.lean,lean,187,sorry,
02_FORMAL/lean/RIINA/Domains/TranslationValidation.lean,lean,201,sorry,
02_FORMAL/lean/RIINA/Domains/TranslationValidation.lean,lean,204,sorry,
02_FORMAL/lean/RIINA/Domains/TranslationValidation.lean,lean,207,sorry,
02_FORMAL/lean/RIINA/Domains/TranslationValidation.lean,lean,217,sorry,
02_FORMAL/lean/RIINA/Domains/UIUX/AnimationEngine.lean,lean,58,sorry,
02_FORMAL/lean/RIINA/Domains/UIUX/CognitiveAccessibility.lean,lean,156,sorry,
02_FORMAL/lean/RIINA/Domains/UIUX/CognitiveAccessibility.lean,lean,171,sorry,
02_FORMAL/lean/RIINA/Domains/UIUX/MotorAccessibility.lean,lean,89,sorry,
02_FORMAL/lean/RIINA/Domains/UIUX/MotorAccessibility.lean,lean,96,sorry,
02_FORMAL/lean/RIINA/Domains/UIUX/VisualAccessibility.lean,lean,85,sorry,
02_FORMAL/lean/RIINA/Domains/UIUX/VisualAccessibility.lean,lean,100,sorry,
02_FORMAL/lean/RIINA/Domains/V001_TerminationGuarantees.lean,lean,115,sorry,
02_FORMAL/lean/RIINA/Domains/V001_TerminationGuarantees.lean,lean,118,sorry,
02_FORMAL/lean/RIINA/Domains/VerifiedAIML.lean,lean,173,sorry,
02_FORMAL/lean/RIINA/Domains/VerifiedAutonomy.lean,lean,126,sorry,
02_FORMAL/lean/RIINA/Domains/VerifiedAutonomy.lean,lean,137,sorry,
02_FORMAL/lean/RIINA/Domains/VerifiedFileSystem.lean,lean,359,sorry,
02_FORMAL/lean/RIINA/Domains/VerifiedFileSystem.lean,lean,403,sorry,
02_FORMAL/lean/RIINA/Domains/VerifiedFileSystem.lean,lean,410,sorry,
02_FORMAL/lean/RIINA/Domains/VerifiedFileSystem.lean,lean,413,sorry,
02_FORMAL/lean/RIINA/Domains/VerifiedHardware.lean,lean,233,sorry,
02_FORMAL/lean/RIINA/Domains/VerifiedIdentity.lean,lean,342,sorry,
02_FORMAL/lean/RIINA/Domains/VerifiedIdentity.lean,lean,349,sorry,
02_FORMAL/lean/RIINA/Domains/VerifiedIdentity.lean,lean,352,sorry,
02_FORMAL/lean/RIINA/Domains/VerifiedIsolation.lean,lean,316,sorry,
02_FORMAL/lean/RIINA/Domains/VerifiedIsolation.lean,lean,323,sorry,
02_FORMAL/lean/RIINA/Domains/VerifiedIsolation.lean,lean,336,sorry,
02_FORMAL/lean/RIINA/Domains/VerifiedNetwork.lean,lean,336,sorry,
02_FORMAL/lean/RIINA/Domains/VerifiedNetwork.lean,lean,343,sorry,
02_FORMAL/lean/RIINA/Domains/VerifiedNetwork.lean,lean,367,sorry,
02_FORMAL/lean/RIINA/Domains/VerifiedNetwork.lean,lean,384,sorry,
02_FORMAL/lean/RIINA/Domains/VerifiedNetworkStack.lean,lean,362,sorry,
02_FORMAL/lean/RIINA/Domains/VerifiedNetworkStack.lean,lean,495,sorry,
02_FORMAL/lean/RIINA/Domains/VerifiedNetworkStack.lean,lean,517,sorry,
02_FORMAL/lean/RIINA/Domains/VerifiedProtocols.lean,lean,342,sorry,
02_FORMAL/lean/RIINA/Domains/VerifiedProtocols.lean,lean,419,sorry,
02_FORMAL/lean/RIINA/Domains/VerifiedRuntime.lean,lean,123,sorry,
02_FORMAL/lean/RIINA/Domains/VerifiedUI.lean,lean,469,sorry,
02_FORMAL/lean/RIINA/Domains/VerifiedUI.lean,lean,524,sorry,
02_FORMAL/lean/RIINA/Domains/W001_VerifiedMemory.lean,lean,160,sorry,
02_FORMAL/lean/RIINA/Domains/WasmBackendVerification.lean,lean,146,sorry,
02_FORMAL/lean/RIINA/Domains/WasmBackendVerification.lean,lean,166,sorry,
02_FORMAL/lean/RIINA/Domains/WebSecurity.lean,lean,172,sorry,
02_FORMAL/lean/RIINA/Domains/XSSPrevention.lean,lean,381,sorry,
02_FORMAL/lean/RIINA/Domains/Z001_DeclassificationPolicy.lean,lean,163,sorry,
02_FORMAL/lean/RIINA/Domains/Z001_DeclassificationPolicy.lean,lean,166,sorry,
02_FORMAL/lean/RIINA/Domains/Z001_DeclassificationPolicy.lean,lean,169,sorry,
02_FORMAL/lean/RIINA/Industries/IndustryAerospace.lean,lean,92,sorry,
02_FORMAL/lean/RIINA/Industries/IndustryHealthcare.lean,lean,128,sorry,
02_FORMAL/lean/RIINA/Industries/IndustryManufacturing.lean,lean,159,sorry,
02_FORMAL/lean/RIINA/Industries/IndustryMilitary.lean,lean,84,sorry,
02_FORMAL/lean/RIINA/Properties/CumulativeRelation.lean,lean,64,sorry,
02_FORMAL/lean/RIINA/Properties/MaximumAxiomElimination.lean,lean,123,sorry,
02_FORMAL/lean/RIINA/Properties/MaximumAxiomElimination.lean,lean,161,sorry,
02_FORMAL/lean/RIINA/Properties/NonInterference.lean,lean,55,axiom,observer
02_FORMAL/lean/RIINA/Properties/NonInterference.lean,lean,428,axiom,logicalRelation
